Genus,fdr,H1,H2,H3,H4,H5,H6,H7,H8,H9,H10,H11,H12,H13,H14,H15,H16,H17,H18,H19,H20,H21,H22,H23,H24,H25,H26,H27,H28,H29,H30,H31,H32,H33,H34,H35,H36,H37,H38,H39,H40,H41,H42,H43,H44,H45,H46,H47,H48,H49,H50,H51,H52,H53,D1,D2,D3,D4,D5,D6,D7,D8,D9,D10,D11,D12,D13,D14,D15,D16,D17,D18,D19,D20,D21,D22,D23,D24,D25,D26,D27,D28,D29,D30,D31,D32,D33,D34,D35,D36,D37,D38,D39,D40,D41,D42,D43,D44,D45,D46,D47,D48,D49,D50,D51,D52,D53,D54,D55,D56,D57,D58,D59,D60,D61,D62,D63,D64,D65,D66
Bacteroides,0.021860656,57.09184836,29.64747356,8.23718593,18.06263373,8.341834733,7.782433271,5.946833703,1.726315789,2.172598806,41.20816327,43.61693922,28.70815266,7.303850208,25.83823358,28.8097798,10.84934904,26.30141325,43.08070559,11.11961645,15.20488163,22.5895847,40.25645214,34.40745266,20.21735838,24.35867628,20.91377361,9.911964786,7.173349596,18.21832645,6.597357592,49.71211468,0.867292384,7.701458173,36.27127639,15.08206997,2.279414649,25.25599907,28.80003308,3.643693899,21.91994997,10.6910759,20.96743332,18.84512086,39.47317675,21.77014426,18.46999155,22.32681632,2.044974053,22.38962718,1.945352545,1.490786636,4.299589236,31.33853255,3.14068318,34.5258354,36.63332315,5.570997459,7.367763432,3.725818008,0.53062637,0.773607302,3.382965592,5.127574042,29.23805764,7.330952474,3.55662064,13.86206067,1.69364227,1.019908923,1.742244397,1.282146851,33.5446269,1.579752698,26.2757566,37.02605464,2.411167513,11.07948511,1.030300726,6.43991979,2.10380896,4.516943318,14.27156046,32.02362398,10.44193503,24.86819662,12.3252859,11.16652707,13.33155833,6.531929609,21.24356256,7.931034483,37.04875997,4.700681376,3.791030975,2.424266392,16.65972511,9.071840587,17.56237631,29.33406931,6.449136276,11.21539001,16.96663062,10.17370691,5.208863984,7.641999287,19.46399567,9.949849549,0.629286002,0.308591178,3.120035844,14.59900821,25.78440997,59.07552279,44.73151566,50.82226683,31.88934559,47.19646451,30.49547778,27.87754263
Escherichia-Shigella,0.005683717,0.907847755,1.088915002,0.566834171,1.859560397,4.837950247,0.422873991,0.507982583,2.101435407,1.575606438,0.73877551,0.107991361,10.87151842,0.818232016,0.183028934,0.625174213,0.987807398,0.597759392,1.95129566,1.007211635,0.475031862,0.635079481,1.118915387,13.1719609,0.416540442,0.135627373,0.67423259,1.120448179,1.181582558,7.39467892,0.459172623,27.57823822,1.896954576,1.093630084,2.479244854,9.965918439,2.840440975,31.42702577,1.852464439,16.17982656,2.380393996,1.486641465,0.841911905,0.935948564,2.387288364,5.742408544,1.218012756,9.86402768,9.659811647,1.498566062,35.81951003,17.34836732,2.034627049,36.26054433,67.69467379,8.725247525,10.33903482,1.282560356,56.12244898,14.79181594,6.294459184,0.609880889,1.103224811,1.021412749,0.611922621,0.223696087,4.252729278,4.396264978,1.836343836,44.24372436,6.429807267,69.31047335,0.519016421,9.027749059,2.366387637,3.783655557,73.00313526,27.4905476,6.208417291,0.478173685,0.963094533,0.172110457,15.88380995,20.66688541,23.89516241,4.03550938,1.313002965,21.60207112,0.737895097,0.514869746,0.219630415,0.500189466,3.197243479,0.202790396,1.626528811,12.46935063,0.961720495,28.49277099,5.645881029,2.07782991,17.85028791,15.05120916,5.20624131,6.209924999,28.64662931,4.367989219,3.851806017,5.881644935,2.855990319,5.196675444,1.596676306,0.649794802,45.00687218,13.4045434,0.27781085,0.976683138,0.789728906,6.309434558,4.058198978,0.279432916
Blautia,0.004414214,4.470865304,7.826086957,3.742713568,5.399727679,5.685474378,6.742706394,11.34749064,6.33492823,8.648832464,6.053061224,4.126812712,3.22278214,1.290095879,3.123174578,3.189583084,10.23351932,7.576897193,3.711364346,6.704000645,4.746456571,3.252376737,7.289284548,3.401802077,3.180854287,3.731690305,3.78156539,2.424969988,5.68303095,6.884967371,7.61966645,6.920998002,6.328462239,6.650038373,4.882671822,7.83092412,5.476872376,2.109818772,4.031591135,4.491860642,5.155565979,7.564881281,4.798897861,2.718320176,2.456708705,12.46911612,1.118112657,1.9711964,0.784162983,7.016197439,15.83726843,0.953498051,8.349648739,0.362088174,2.816901408,5.329517327,1.653176542,16.54621982,4.189920866,0.28262081,0.75364325,0.188285375,7.969449159,0.771187136,5.981050138,3.700796672,7.931073833,9.317516932,7.176386646,4.452222348,22.77793425,0.950428625,2.467455118,0.71543774,2.974082421,1.617048195,0.925649448,2.791112622,0.574079002,1.156871819,4.981251233,8.632295571,2.81017789,6.029037815,9.554347321,14.15723368,7.381309923,3.989948983,3.415617512,5.790363483,4.324447137,3.876468359,2.760527265,2.109020117,6.539738579,6.161512299,0.151452046,3.708142932,1.253346785,4.03343453,4.077628492,3.247790023,3.889232195,3.147709167,4.402275429,5.810773316,7.599195607,8.316950853,3.069786204,2.271231073,6.121950226,2.27000684,2.913803259,2.576350233,3.337698932,4.508956146,3.463723272,3.188257112,9.418010224,5.416067393
Subdoligranulum,0.00282664,0.201321887,0.144927536,3.155778894,4.652791286,1.051557718,1.400527623,1.867695363,4.130143541,1.050404292,0.448979592,1.550447393,0.648462831,0.77807339,1.993847112,2.257794768,0.285182889,3.31340802,1.959100843,0.370653882,3.576256131,2.024556407,0.506370467,0.897220525,1.647228113,5.99085484,1.24795846,1.892757103,2.797682574,0.390006564,1.308208794,0.090086561,1.120747693,3.054489639,1.440539823,1.52387668,1.612460277,1.039452838,0.798048296,0.684618895,5.069574734,1.758484475,2.778309288,19.83804021,0.748196999,0.569857336,24.60232076,2.7717435,0.641937344,4.75421093,0.682084191,0.65458398,0.66413298,0.0437689,0.299498138,2.436571782,1.011759316,0.492376112,2.623906706,0.465727251,0.199946168,0.085956367,2.02515044,0.496349167,6.063955784,4.889917978,3.096352086,4.849116339,0.803635135,0.579579241,17.32587615,0.354081252,0.64664341,0.727844175,1.67015454,16.73190211,1.134667065,5.344322189,0.551267916,0.979484806,1.97750148,3.059741452,0.18013961,1.291936675,2.095822297,1.19010699,0.993415733,1.442930024,1.962648815,2.77799124,2.211451075,2.000757863,0.801314155,12.4513303,5.867271887,0.972870363,0.124947938,0.651734212,7.717977572,0.3075346,1.019407123,1.85754897,1.680055616,1.305716395,1.239599253,2.556581712,1.519839121,2.246740221,0.056474385,0,0,0.192373461,0.585116827,3.674590041,0.373060285,0.374459543,1.639495682,0.382748688,0.129767991,2.26011917
Lactobacillus,0.00126068,0.09876168,0.188014101,0.020100503,0,0.109864239,0.077591558,0.07256894,0.179904306,0.226705962,0.244897959,0.073279852,0.480487519,0.080317253,0.120721212,0.453948154,0.376110767,0.308776375,0.663440525,1.132105878,0.081103001,0.169354528,0.387945116,0.011453879,0,0.023250407,0.01675112,0.084033613,0.041927123,0.081090474,0.294563569,0.348595825,0.019801196,0,0.05307252,0.054843891,1.687002236,0.104331698,0.202613298,0.026624068,0.105534709,0.008495094,0.034441851,0.008138683,0.092560454,0.103610425,5.087220472,9.28473731,0.541995003,0.008078523,0.238124067,0.174051232,6.199854121,8.407607831,0.153796341,0.119894802,0.034361637,0.150889454,0.083298626,1.019027148,0.153804745,42.23732144,0.111865453,0.118959718,0.118436636,0.313959421,0.182585872,0.120226025,0.097637914,0.278499116,0.579406913,3.570629892,4.054284013,2.212480873,0.100611719,0.170007512,7.282024485,0.267640936,10.80485116,3.108128953,0.161831458,0.237129963,0.03152443,0.135345747,0.29741159,0.21708792,0.100111663,0.148480926,0.121714655,0.537923615,0.109815208,0.231148162,0.092151128,0.141953277,0,0.055366606,48.58960282,0.078657577,0.073726281,0.14982455,0.938366389,0.541298337,0.208558628,0.466327284,0.466972321,0.642118197,0.626498569,0.477432297,3.707139976,1.300197498,1.40931123,0,0,0,0.16668651,0.165997529,1.528656537,0.11443002,0.444357059,0.345181837
Megamonas,0.045655959,0.440629036,0.434782609,0.373869347,0.050573818,0.102016794,0.058193669,0.561454434,0.103349282,0.105796116,0.142857143,0.397253934,0.136724091,0,0.514038709,3.301079122,0.673692912,0.13459483,0.483921324,27.0859353,0.31282586,0.038489666,0.008167266,0.064905315,0.151469252,0.465008138,0.1046945,0.052020808,1.311175484,0.250994324,0.017327269,0,4.803770148,0.038372985,0.227453656,0.10185294,15.12809447,0.320723366,0.020674826,0,0.007817386,1.282759207,0.352072251,0.162773663,0.185120907,0.263011078,0.165219396,0.27355379,0.015375745,0.032314093,0.613472172,64.93624428,0.29559676,0,0.526145378,0,3.24908369,0,0.187421908,0.011941724,0.019225593,0,0,0,0.019739439,0.463090146,0.072273574,0.172323969,0,0.060216025,0.012070977,0.011181513,0,0.037219304,0.03219575,0.047443957,0,0.084965377,0.060829563,0.123399661,4.92993882,0.038246768,25.67890115,0.036912476,0.08364701,8.98201271,0.034654037,0.159902536,0.117911072,0.111427035,0.045440776,0.037893141,0.176289114,0.028390655,2.689866768,0.249149727,0.030290409,0.157315155,0.023281984,0.03548476,0.021326509,0.035048094,0,0.011658182,0.021226015,0.035673233,0.0154691,0.020060181,0.040338846,0,0,0,0,0,0,0,0,0,0,0
Roseburia,0.035692895,0.5659804,6.122209166,1.085427136,0.781949037,0.812210625,0.547020484,1.042701092,0.73492823,1.594498602,0.453061224,4.165381055,4.441579749,1.440690728,4.030530784,1.556962529,10.50216987,1.195518784,2.259600375,0.475403892,0.830340246,4.672645395,0.208265273,1.038485034,2.938503484,1.561652329,1.64998534,1.676670668,2.363165117,2.189442793,5.349794239,0,0.728684013,1.170376055,0.852951211,0.521016962,0.258935227,2.971521311,4.085345683,2.015822303,1.794090056,1.422928259,0.826604416,0.577846504,0.51293918,9.926675699,0.245907938,1.04191809,0.349798193,2.968857293,0.339024095,0.189186121,0.882951361,0,0.259025417,0.092821782,0.068723274,0.079415502,0.274885464,0,0.588303149,0,1.145656534,0.041020592,9.66442953,0.149130725,0.37277949,0.873642448,0.101393218,0.063979527,0.185088319,0.119269474,0.340338637,0.028948348,0.060367032,0,0.328456256,0.348358044,0.079838802,0.069412309,0.363134004,0.401591066,0.14861518,1.095070134,0.10688229,0.43417584,1.73270186,0.95560801,0.764520178,0.307384923,0.480914874,0.61386889,4.030610201,0.657040883,1.286092548,8.566004904,0.037863012,0.423252678,1.063210586,1.64412727,0.315632331,0.33879824,0.896029662,0.439124859,0.466972321,0.26160371,0.344187485,0.45336008,0.040338846,0.106978275,0.358437538,0.21374829,0.471235028,0.376109523,1.230305195,0.277949351,1.750334827,2.9988557,0.173023987,0.386274913
Prevotella,0.004779149,0.326673251,0.160595378,7.895477387,0.035012643,0.074550734,3.464463066,0.118401956,0.222009569,0.464747223,0,0.115705029,0,42.47276743,9.396783364,0.063712022,0.491837156,0,0.222447705,0.09266347,0.212412621,0.180901428,0.126592617,0.316890654,1.461678279,0.499883748,5.12165501,2.232893157,0.038115566,0.111982083,7.862248213,0.090086561,1.457368025,1.504221028,0.049281626,0.047009049,0.42371219,0.042505506,0.181938472,0.041837821,0.128986867,8.257231449,0.072710574,0.199397737,0.06942034,0.055790229,0.165219396,0.15689114,0.149913511,0.048471139,0.137224038,0.431344357,0.426120005,0.0437689,0.214505423,0.197246287,0.049633476,0.182655654,0.074968763,0.015922299,0,0.012279481,0.092578306,0.118959718,0.825108567,0.105961305,0.456464681,1.021921212,0.123925044,0,2.317627651,1.166604547,4.709435889,0.020677391,0.152929813,0.031629305,0.115706181,0.242151323,0,0,0.03157687,0.091792244,0.09457329,0.008202773,4.103350527,0.02713599,1.794309037,0.060915252,0,0.030738492,0.045440776,0.022735885,0.212348251,0.129785853,9.616273694,0.794906272,0,0.471945464,0.089247604,0.01971376,0.392407763,1.039760115,1.278387147,4.266894649,0.40753948,4.601847081,1.427024519,0.698094283,0.072609923,0.008229098,0,0.012824897,0,0,0,0,0,0,0,0
Anaerostipes,0.019431606,1.709336777,3.043478261,0.936683417,1.027037541,0.376677392,3.30927995,0.748605912,0.70430622,0.974835638,0.734693878,4.02653502,1.828196414,0.853370815,0.708750341,0.394218134,3.98016119,0.847155695,0.405869497,0.946778937,0.335998146,1.193179631,2.482848742,0.973579719,0.280218116,0.658761528,0.43134135,0.724289716,0.392590334,0.208518361,0.840372536,0.109670597,0.356421528,1.227935533,0.765760643,0.893171936,0.321707403,0.533250898,1.757360238,0.901414879,0.840368981,0.798538844,1.98231985,3.214779849,0.281538046,0.633617598,0.080688542,0.47067342,0.226792235,3.667649554,0.060540017,0.094593061,0.161234596,0.031831927,0.311639955,0.108292079,0.194715944,5.82909784,0.124947938,0.015922299,0.08459261,0.032745283,0.771485882,0.114857659,1.160679037,0.153055218,0.574384724,3.927383481,1.505877051,0.04892552,0.241419547,0.040998882,1.986726793,0.070303131,1.183193818,0.043490294,0.100776351,0.730702239,0.038018477,0.046274873,0.639431616,0.531630077,0.04053141,0.217373472,0.004647056,0.28298961,0.29648454,0.388334729,0.346126051,3.346653347,0.143895789,0.234937476,0.176289114,0.421804023,0.226957509,0.272878273,0.026504108,0.337103903,0.892476039,0.12616804,0.396673065,0.397211729,0.397806272,0.357517584,0.394803872,0.535098498,1.260731688,0.613841525,0.137152077,0.193383805,0.989776384,0.260772914,0.52228549,0.601775237,0.452434814,1.030728845,0.595760403,0.291993844,0.232009438,1.1382782
Erysipelotrichaceae_UCG-003,0.000593089,0.300083568,1.433607521,0.084422111,1.960708033,1.149650789,1.315176909,0.263539837,1.412440191,1.877881055,0.248979592,0.620950324,0.093753662,0.406606094,0.120721212,0.08760403,2.905559,0.558172677,0.14829847,0.068490391,0.169930097,0.142411762,0.036752695,1.038485034,0.670251439,0.422382392,0.30152016,1.344537815,0.644153072,1.610225123,2.729044834,0.054835298,0.380182963,1.435149655,1.129686493,0.329063345,0.109851308,0.583484679,0.810453192,2.354328313,1.129612258,0.930212802,0.512800888,0.040693416,0.077133711,0.960388938,0.122953969,0.10057125,0.084566596,0.161570465,0.084756024,0.060539559,10.13474606,0,2.108628784,0.019337871,0.106902871,0.115152478,0.166597251,0.023883449,0.069212135,0.012279481,0.0655763,0.061530889,2.475325701,9.854401319,1.133553958,2.412535567,0.262871306,0.052689022,1.669818533,0.026090198,0.021271165,0.062032174,0.136831938,0.54165184,0.141833383,0.475806109,0.212903471,0.107974703,0.169725676,0.860552283,0.06304886,0.045115249,0,2.87641495,0.727734781,0.293154649,0.897645582,3.396603397,0.40896698,0.572186434,0.152249689,0.060837119,1.021308788,0.506208969,0.037863012,0.250955128,0.097008265,0.21290857,0.422264875,0.35437517,0.196972038,0.272024249,0.284428596,0.459788339,0.669038595,0.878635908,0.161355385,0.185154707,0.790191846,0.538645691,0,0,0.599277692,0.474830142,0.309425946,0.138105197,0.074714904,2.946373536
Romboutsia,0.034092383,0.30768062,0.223266745,0.824120603,0.326784672,0.914227419,0.193978895,0.626384539,1.282296651,1.534043679,0.130612245,0.428108608,1.293019259,0.301189699,0.253125122,0.254848087,0.425707791,0.502751277,0.597096472,1.265057814,0.950063724,0.284823525,1.63345312,0.290164936,0.514995456,0.151127645,0.57372587,0.288115246,0.537429486,1.274278874,0.632445311,0.113587404,2.265256822,1.189562548,0.276735282,3.173110824,1.985170073,0.274353723,0.62851472,0.197778792,0.504221388,0.216624899,0.271707933,0.508667698,0.435805469,0.924523791,0.265119496,0.21321104,0.115318086,1.971159672,0.399564112,0.151348897,2.076855158,0.015915964,0.299498138,0.201113861,0.095448992,4.332115629,0.55393586,0,0.076902372,0.077770046,0.212158617,0.196898843,0.193446506,1.075311016,1.806839362,0.252474652,0.600848699,0.015054006,0.016094636,0.204994409,1.808049009,0.074438609,0.418544752,0.090934251,0.037324574,0.743447045,0.212903471,0.100262224,0.560489441,1.701981183,0.58995722,0.250184562,0.487940889,0.14730966,0.539062801,0.510165233,0.159750485,0.288173365,0.075734626,0.492610837,0.408670219,0.332576249,0.155507922,5.066044451,0.037863012,0.322121507,0.100888596,0.12222529,2.303262956,0.89956774,0.451877028,1.77592974,0.967906266,0.657972968,0.367391136,0.890672016,1.653892699,2.1560237,2.207649383,0.017099863,0.051050461,0,0.722308211,0.992124768,0.651179975,0.702363572,0.526936689,0.788987056
Veillonella,0.045776754,0.110157259,0.031335684,0.016080402,0.003890294,0,0.023277467,0,0,0.064233356,0.093877551,0.860074051,0.878940584,0.742934592,0,0,0.028931597,0.023752029,0.054636278,0.201442327,0.092689144,0,1.278177066,0.083995113,0,0.182128187,0.21776456,0,0.01143467,0.050198865,0.038986355,0.031334456,0,0.138142748,0.10614504,0.035256787,0.074541959,0.085011013,0.442441283,0.319488818,0.078173859,0.123178864,0.141594275,0.093594856,0.26996799,0.023910098,0.026896181,0.02011425,20.10378628,0.222159389,2.272268636,0.022702335,0,0.68438644,0.020236361,0.050278465,0.080177153,0.031766201,0.083298626,0.29854311,0.02691583,0.163726413,0,0.012306178,0.011843664,0.282563479,0,0.080150683,0.015021217,0.131722555,0.060354887,0.037271711,0.034033864,0.033083826,0.084513844,11.8728502,0.018662287,0,12.2267422,0.026993676,0.043418196,0.030597415,0,0.049216635,0.032529393,0.0387657,0.100111663,0.197974568,0.07607166,0.046107738,0.022720388,0.037893141,0.112183982,0.186567164,0.046232085,0.110733212,8.091325584,0.258446326,0.038803306,0.05125577,0.008530604,0.081778885,0,0,0,0,0.003867275,0,8.208955224,1.2919684,1.14455623,0,0,0.00752219,0,0,0.129312335,0.039458628,2.28863547,0.024655845
Holdemanella,0.004414214,0.015194105,0,0.140703518,0,0.019618614,0.112507759,0,0.03062201,0.075568654,0,0.215982721,0,0,1.366875657,0,0,0,0,0,0.06565481,0.015395866,0.098007187,0.164172266,0.151469252,1.964659382,3.09895724,0.036014406,0,0.023168707,0,0,4.728525603,0,0,0.105770361,1.188748087,0,0.128183923,0.02282063,0,5.041838338,0,0.056970782,2.12117706,0,0,0,0.134537767,1.623783172,0.064576018,0,0.019194595,0,0,0.189511139,0.034361637,0.031766201,0.370678884,20.11384444,0.015380474,0.233310139,0.038574294,0.020510296,0,0.992896668,14.36342196,0.188354106,0.022531826,0.030108012,0.04426025,0.063361908,0.148898154,0.037219304,0.052318094,0.075119598,0,0.148689409,0.015207391,0.007712479,0.142095915,0.015298707,0.12159424,0,0,0,0,0.045686439,0,0.069161608,0,0.011367942,0.320525662,2.794451655,5.047703106,0.098868939,0.177956155,0,0,0,0.447856686,0.319327077,0.123590298,0.233163642,0.191034131,1.284236395,0.251372883,0.373119358,0.008067769,0,0,0,0,0,0,0,0,0,0,0
Phascolarctobacterium,3.22E-06,5.139405911,3.728946338,0.100502513,0.19840498,0.184414973,0.034916201,0.064930105,0.03062201,0.177586337,1.240816327,0.119561864,1.390679323,0.908588926,4.388800187,0.079640027,0.442240132,0.391908476,0.085857009,0.084605777,0.865098675,0.384896655,0.07350539,0.103084911,0.639957589,0.348756103,0.05862892,0.068027211,0.102912029,1.081206317,5.804635044,0.920449649,0.035642153,1.730621642,0.030327154,0.062678732,0.051002393,0.027048959,0.115779027,0.015213753,0.179799875,0.021237735,0.038268723,0.020346708,0.111843881,0,0.023053869,0.0402285,0.007687872,0,0.044396012,0.034053502,0.122845407,0.015915964,0.040472721,0.502784653,1.038485034,0.270012706,0.120783007,0,0,0.008186321,0.007714859,0.041020592,0.047374655,0.007848986,0.608619575,0.184346572,0.041308348,0.015054006,0.036212932,0,0.212711648,0.099251478,1.356245976,0.071165935,0.059719319,0.395089001,0.030414782,0,0.043418196,0.042071445,0.09907679,0.389631696,0.199823412,0.31400217,0.073158523,0.239853803,0.030428664,0.023053869,0.018933656,0.166729822,4.210905886,0.081116158,0.042029168,0.162145061,0.003786301,0.318375908,1.660781499,0,0.234591597,0.112932747,0.069519543,0.081607275,0.084904058,0.083237544,0.069610952,0.116349047,0,0.004114549,0,0.555745554,0.46730807,0,0.170655237,1.273934527,2.068997368,4.577200805,0.114038537,4.039449353
Clostridium_sensu_stricto_1,0.018959897,0.034186736,0.035252644,0.506532663,0.785839331,0.3609825,0.159062694,0.263539837,2.909090909,4.972417441,0.073469388,0.285405739,1.062541506,0.421665579,0.299855913,0.402182137,0.309981401,1.128221369,0.316109897,0.354538496,0.266481288,0.127015896,0.126592617,0,0.344592548,0.112376967,0.2303279,0.264105642,0.320170758,0.768428776,0.775395278,0.003916807,0.954417647,0.656178051,0.083399674,0.40741176,0.600258935,0.034777233,0.516870658,0.117906588,0.45340838,0.055218112,0.015307489,0.134288272,0.077133711,0.071730294,0.27664643,0.03620565,0.019219681,0.254473482,0.084756024,0.011351167,0.399247572,0,0.089039987,0.077351485,0.110720831,0.170743329,0.745522699,0.075630921,0.215326643,0.094142688,0.027002006,0.073837066,0.043426767,0.643616813,0.608619575,0.116218491,0.304179654,0.041398517,0.024141955,0.335445397,1.046541309,0.297754435,0.124758532,0.462578579,0.007464915,0.152937678,1.543550165,0.034706155,0.710479574,1.526046049,0.11709074,0.278894266,0.060411729,0.20545821,0.515960109,1.241148252,0.144536153,0.130638592,0.056800969,0.473664267,0.625025041,0.137897469,0.033623335,7.585225026,0.393775321,1.310959622,0.135811571,0.25627883,0.456387289,0.405000195,0.16993666,0.55570668,0.339616234,0.321059099,0.177894655,0.332998997,0.645421541,1.193219223,0.655777769,0,0.011780876,0.00752219,0.158749057,0.308832613,0.050801275,0.153888648,0.346047975,0.184918841
Clostridia_UCG-014,0.003847656,0.068373471,0.078339209,2.685427136,0.229527329,7.79643726,0.22113594,0.244442747,0.355980861,0.294717751,0,0.887071891,0.003906403,0.346368154,0.066201955,0.011946004,0.405042364,0.098966787,0.374648767,0,0.088827096,0.56964705,0.273603398,0.061087355,0.159042714,4.072696272,2.52523138,0.068027211,0.171520049,0.108120632,0.181936322,0,1.243515108,0.038372985,0.030327154,1.316253379,0.133390874,0.320723366,0.115779027,0.049444698,0.074265166,0.033980376,0.187516743,0.907463172,0.03471017,0,0,0.16895969,0.361330002,1.821706992,0,0.011351167,0.026872433,0,0,0.019337871,0.038179597,0.043678526,0.008329863,0,0.011535356,0,0.320166641,0,0.011843664,0.404222754,0.011411617,0.104195888,0.037553044,0.003763502,0.378223957,0.011181513,0.008508466,0.004135478,0,0.019768315,0,1.495390628,0.022811086,0,0.019735544,0.01147403,0.01351047,0,0,0,0,0.281733039,0.019017915,0.111427035,0.060587701,0.018946571,0.472775352,0.012167424,0.025217501,0,0,0.018727995,0,0.05125577,0.635529964,0.514038709,0.428703847,0.50130183,0.458481915,1.672678267,0.81599505,0.686058175,0.822912465,2.695029625,1.283043461,0,0,0,0.361154106,0.023162446,0.157022122,0.023675177,0.055053087,0.123279227
Muribaculaceae,0.001826412,0.455823141,0.058754407,0.072361809,0,1.075100055,0.120266915,0.015277672,0.026794258,0,0,0.034711509,0,0,0.109038514,0.111496038,0.529034925,0,0.05853887,0.189355787,0.077240953,0.180901428,0.065338125,0,0,0.143377509,0.00418778,0.176070428,0.06860802,0.247132873,0.199263591,0.109670597,0.023761435,0,0.147844877,0.015669683,0,0.027048959,0,0,0,0,0,0.056970782,0,0,0.030738492,0,0,0,0,0,0,0.031831927,0.084992715,0,0,0,0,0,0.046141423,0,0,0,0,0,0,0,0,0,0,0.111815132,0,0,0,0,0,0,0.038018477,0,0,0,0.15311867,0.049216635,0.116176402,0.03488913,0.111663009,0.045686439,0,0,0,0,0,0,0,0.051411848,0,0.123604764,0.081486943,6.94712771,0.170612071,0.728221504,0.567742932,2.389927331,0.241976566,1.640968726,3.499883982,1.05115346,3.985478015,2.950131666,4.997759765,0,0,0,0.035718538,0.015441631,2.249110978,0,0.039323634,0.094514074
Butyricicoccus,5.77E-05,0.083567576,0.101840971,0.305527638,0.30344291,0.196186141,0.306486654,0.076388358,0.137799043,0.377843271,0.26122449,1.025917927,0.152349701,0.160634506,0.179134702,0.187154064,0.078528622,0.443371205,0.238058071,0.572096209,0.359170432,0.188599361,0.10209082,0.36652413,0.378673129,0.182128187,0.23870346,0.260104042,0.312547644,0.760705873,0.24691358,0.082252947,0.399984159,1.047582502,0.33738959,0.258549771,0.294244576,0.177750299,0.281177638,0.106496273,0.113352095,0.845261861,0.114806169,0.248229836,0.354815072,0.215190882,0.061476985,0.15286829,0.096098405,0.250434221,0.53678815,0.060539559,0.099811893,0.0437689,0.129512708,0.104424505,0.209987783,0.087357052,0.116618076,0.031844598,0.123043796,0,0.447461811,0.086143244,1.831819976,2.083905655,0.106508426,0.488919168,0.067595479,0.033871514,0.164970024,0.014908684,0.089338892,0.062032174,0.217321314,0.34792235,0.171693043,0.169930753,0.205299776,0.084837267,0.556542333,0.279201407,0.17113263,1.004839636,1.389469771,0.2325942,0.169419737,0.228432194,0.387965463,0.47644663,1.151166313,0.435771125,0.200328539,0.162232317,0.403480015,0.29265206,0.045435614,0.337103903,0.221178844,0.45341639,0.247387503,0.245336656,0.235594006,0.202075156,0.246221769,0.237821555,0.471807564,0.421263791,0.072609923,0.057603687,0.142560385,0.034199726,0.113881799,0.33097638,0.035718538,0.034743669,0.106220847,0.102592432,0,0.020546538
Megasphaera,0.001181532,0,0,0.152763819,0.809181093,0.02746606,0.151303538,0.045833015,0.011483254,0.015113731,0,0.003856834,0,0.376487124,0,0,0,0.047504058,0.078051826,0.008057693,0.092689144,0.080828298,5.084122836,0.061087355,0.159042714,0.054250949,0,6.426570628,0.335416984,0,0.121290882,0.019584035,0.039602392,0.02686109,0,1.139969444,0.011769783,0.034777233,0,0.011410315,0,0.101941129,0.007653745,0,0.061706969,0.039850163,0.011526935,0.22930244,0,0.040392616,0.03632401,0.022702335,0.030711352,0.095495782,0.016189089,0,0.022907758,0.051620076,0.112453145,0,0.007690237,0.053211084,0.046289153,0.028714415,0.007895776,0.419920725,5.405302598,0,0.082616696,0.015054006,0,0,0.04254233,0,0.012073406,0.003953663,0,0.080717108,0.091244345,0.431898812,0.299980264,0.722863918,0,0,0,0.05427198,0.023102691,0,0.060857328,0.023053869,0.015146925,0.015157257,0.008013142,0.016223232,0.042029168,0.154235545,0.011358903,0.026219192,0,0,0.012795905,0.007788465,0.01158659,0.003886061,0.012735609,0.031709541,0.011601825,0.012036108,0.133118193,0.016458196,0.036658385,0,0,0,0,0,0,0,0,0
Incertae_Sedis,0.015902361,0.037985262,0.074422248,1.013065327,1.536666018,0.506160245,0.267690875,0.148957299,0.149282297,0.196478501,0.008163265,0.05399568,0.031251221,0.010039657,0.190817399,0.023892008,0.148791073,0.24147896,0.35513581,0.024173079,0.127447573,0.130864863,0.23276707,0.103084911,0.098455014,0.054250949,0.1046945,0.080032013,0.121969812,0.142873692,0.116959064,0.207590772,0.796008079,0.203376823,0.109935934,0.462255651,0.11769783,0.193206847,0.15712868,0.133120341,0.183708568,0.11468377,0.256400444,2.612517295,0.134983995,0.059775245,0.030738492,0.08447985,0.034595426,0.181766773,0.044396012,0.075674449,0.241851895,0,0.032378177,0.092821782,0.221441662,0.067503177,0.070803832,0.00796115,0.042296305,0.008186321,0.111865453,0.045122652,0.418476115,0.435618696,0.045646468,0.064120547,0.097637914,0.030108012,0.084496841,0,0.182932017,0.037219304,0.052318094,0.39931997,0.026127202,0.157185947,0.015207391,0.080981027,0.110519045,0.072668859,0.03152443,0.045115249,0.148705795,0.15893937,0.057756729,0.083758471,0.289072306,0.138323215,0.200696759,0.769230769,0.192315397,0.255515899,0.07985542,0.059321364,0.022717807,0.164806353,0.046563967,0.01182825,0.243122201,0.167452004,0.320562336,0.260366067,0.208014943,0.218003092,0.228169232,0.264794383,0.229931424,0.226300197,0.325852307,0.055574555,0.047123503,0.011283286,0.051593444,0.061766523,0.032328084,0,0.157294534,0.205465379
Monoglobus,0.004976069,0.155739573,0.188014101,0.072361809,0.27232056,0.243270815,0.341402855,0.141318463,0.130143541,0.23804126,0.081632653,0.19669855,0.054689636,0.070277597,0.120721212,0.043802015,0.206654267,0.29690036,0.312207306,0.189355787,0.162206002,0.161656595,0.07350539,0.171808186,0.829294153,0.310005425,0.19682566,0.424169668,0.247751182,0.100397729,0.298895387,0.023500842,0.308898657,0.030698388,0.090981463,0.258549771,0.156930441,0.235712354,0.3928217,0.422181652,0.144621639,0.841014314,0.275534805,0.097664198,0.254541247,0.11955049,0.046107738,0.21723389,0.107630213,0.153491942,0.092828026,0.052972114,0.099811893,0,0.032378177,0.02707302,0.057269395,0.127064803,0.16243232,0.00796115,0.069212135,0,0.335596359,0.049224711,0.442163443,0.518033044,0.346152383,0.316595199,0.251605393,0.018817508,0.132780751,0.07081625,0.076576193,0.028948348,0.036220219,0.079073261,0.063451777,0.407833808,0.117857279,0.06169983,0.181567002,0.065019506,0.01351047,0.086129112,0.004647056,0.11242053,0.130915252,0.25888982,0.106500323,0.176746331,0.276431384,0.17430845,0.320525662,0.133841661,0.121884588,1.305069999,0.015145205,0.112367968,0.081486943,0.29964909,0.170612071,0.171346236,0.146763479,0.163214549,0.144336899,0.186293551,0.177894655,0.569709127,0.0524405,0.065832785,0.191438231,0.200923393,0.231690556,0.063938619,0.071437076,0,0.078511061,0.063133804,0.074714904,0.086295459
Lactococcus,6.57E-06,0.015194105,0,0.004020101,0.007780587,0,0,0,0,0,0.008163265,0.077136686,0.003906403,0,0,0,0,0.007917343,0,0.459288506,0,0,0,0,0,0,0.01256334,0.008003201,0,0,0,0,0.015840957,0.02686109,0,0.003917421,0.007846522,0,0,0.011410315,0,0.004247547,0,0,0,0,0,0,0,0.012117785,0.004036001,0,0.015355676,0,0,0,0,0,0,0.019902874,0,0.028652122,0,0,0,0,0,0,0.018776522,0,0.004023659,0,0,0,0,0,0,0.008496538,0.011405543,0,0.003947109,0,0,0,0.013941168,0,0,0,0,0,0,0,0,0,0,0,0.018931506,0,0,0,1.18148859,0.626971455,0.8496833,0.477985466,0.441501104,0.396369258,0.452471189,6.80441324,2.432432432,3.694865043,2.07730846,0,0,0,0,0,0,0,0,0
Ruminococcus_gauvreauii_group,0.004976069,0.018992631,0,0.470351759,0.19840498,0.219728478,0.283209187,0.042013597,0.091866029,0.086903952,0.106122449,0.227553224,0.101566467,0.09035691,0.101250049,0.191136065,0.020665427,0.209809588,0.187324383,0.128923089,0.29737767,0.150109696,0.036752695,0.24434942,0.215843684,0.437882663,0.65329369,0.136054422,0.064796463,0.467235587,0.255577215,0,0.736604491,0.023023791,0.075817885,0.548438908,0.478637844,0.054097917,0.049619583,0.026624068,0.281425891,0.870747144,0.13394053,0.061040124,0.111843881,0.007970033,0.019211558,0.02011425,0.057659043,0.634164075,0.056504016,0.011351167,0.042228109,0,0.376396309,0.038675743,0.053451436,0.047649301,0.0666389,0,0.011535356,0,0.254590341,0.036918533,0.027635215,0.45524116,1.335159192,0.320602733,0.082616696,0.022581009,0.49893373,0,0.059559261,0.016541913,0.012073406,0.031629305,0,0.18267556,0.030414782,0.034706155,0.09473061,0.045896122,0.0900698,0.45115249,0,0.17056908,0.238727812,0.133252113,0.604769693,0.845308538,0.109815208,0.181887078,0,0.352855289,0.52956752,0.059321364,0.015145205,0.056183984,0.015521322,0.02365651,0.034122414,0.027259628,0.030897575,0.050518789,0.033961623,0.031709541,0.038672751,0.060180542,0.040338846,0.037030941,0.248462384,0,0.235617514,0.015044381,0.011906179,0,0.230914885,0,0.01179709,0.197246764
Chloroplast,0.019431606,0.250702727,0.53662358,0,0.003890294,0,0,0,0,0,4.783673469,0.231410059,4.56267823,0,0.334904007,1.190618405,0.347179169,4.085348957,1.342491414,0.854115467,0,0,0,0,0,0,0,0,0,0,0,0.027417649,0,0,0,0,0,0,0,0,0,0,0,0,0,0,0,0,0,0,0,0,0,0,0,0,0,0,0,0,0,0,0,0,0,0,0,0,0,0,0,0,0,0,0,0,0,0,0,0,0,0,0,0,0,0,0,0,0,0,0,0,0,0,0,0,0,0,0,0,0,0,0,0.003886061,0.271692987,0,0,0.004012036,0,0,0,0.008549932,0,0,0.007937453,0,0,0,0,0
Ileibacterium,0.017018233,0.231710096,0.09009009,0,0,0,0,0,0,0,0,0.092564023,0,0.005019828,0.13240391,0,0.223186609,0,0,0,0,0,0,0,0,0,0,0,0,0,0,0,0,0,0,0,0,0,0,0,0,0,0,0,0,0,0,0,0,0,0,0,0,0,0,0,0,0,0,0,0,0,0,0,0,0,0,0,0,0,0,0,0,0,0,0,0,0,0,0,0,0,0,0,0,0,0,0,0,0,0,0,0,0,0,0,0,0,0,0,0.29004052,0.159663538,0.015448787,0.205961217,0.076413653,0.41618772,0.382860237,0.292878636,4.106494554,4.460171165,6.07307238,0,0,0,0,0,0,0,0,0
