Genus,H1,H2,H3,H4,H5,H6,H7,H8,H9,H10,H11,H12,H13,H14,H15,H16,H17,H18,H19,H20,H21,H22,H23,H24,H25,H26,H27,H28,H29,H30,H31,H32,H33,H34,H35,H36,H37,H38,H39,H40,H41,H42,H43,H44,H45,H46,H47,H48,H49,H50,H51,H52,H53,D1,D2,D3,D4,D5,D6,D7,D8,D9,D10,D11,D12,D13,D14,D15,D16,D17,D18,D19,D20,D21,D22,D23,D24,D25,D26,D27,D28,D29,D30,D31,D32,D33,D34,D35,D36,D37,D38,D39,D40,D41,D42,D43,D44,D45,D46,D47,D48,D49,D50,D51,D52,D53,D54,D55,D56,D57,D58,D59,D60,D61,D62,D63,D64,D65,D66,B1,B2,B3,B4,B5,B6,B7,B8,B9,B10,B11,B12,B13,B14,B15,B16,B17,B18,B19,B20,B21,B22,B23,B24,B25,B26,B27,B28,B29,B30,B31,B32,B33,B34,B35,B36,B37,B38,B39,B40,B41,B42,B43,B44,B45,B46,B47,S1,S2,S3,S4,S5,S6,S7,S8,S9,S10,S11,S12,S13,S14,S15,S16,S17,S18,S19,S20,S21,S22,S23,S24,S25
Bacteroides,59.212859,30.82593467,8.873971416,18.88089138,8.759063942,8.009902571,6.405035172,1.825689188,2.542447825,45.03122212,46.66776709,34.08943316,7.489190859,26.84821754,30.19742059,11.94484893,28.45274292,45.058982,13.23867997,15.70277601,23.45442193,42.39817642,36.69829377,21.31507506,25.07279327,22.8967035,10.38095637,7.361627225,18.82306004,6.904524436,50.32314341,0.904435451,7.8472005,36.98635432,15.98173516,2.330805953,26.40061397,32.19320545,3.876659113,23.19559912,11.24966479,21.75674066,19.34661821,41.1589657,22.53433981,18.60438114,22.58668403,2.068107604,23.98424992,2.013282653,1.499695493,4.40113172,31.4160351,3.208069784,36.05994506,37.16399411,5.696999228,7.570181445,4.010798303,0.539779395,0.775098425,3.469008346,5.211807872,29.87856538,7.609891229,3.615203186,14.15013295,1.74292781,1.071061576,1.780793749,1.289017124,35.64969708,1.640188922,26.97933884,37.55463769,2.443452606,11.37374618,1.077277787,6.515039207,2.281385096,4.640471513,14.46437537,36.65383532,10.71479662,25.81385055,12.49609619,11.93246542,13.60636646,6.630782432,22.08922314,8.078585765,37.79221841,4.954261777,3.867095391,2.491971218,16.69322407,9.326863832,17.71012678,30.85984487,7.370576192,12.16575846,18.7494665,10.87977393,5.857081484,8.838765874,21.73518742,11.59311892,0.790794343,0.416898277,4.070354429,15.96615083,26.09594213,60.45339081,45.47325103,51.65175769,34.34469038,48.60021941,31.32320866,29.43677862,58.66003156,0.258027523,19.79949875,0,0.357605829,17.89331533,16.87590536,0.545271918,10.90245984,17.01085054,0.943608178,22.50910984,0.007413448,27.38411744,0,4.584255454,3.390232338,5.666511844,1.153612629,6.439605435,0.403466826,52.68263877,19.46240218,26.65059736,0.225508706,1.122334456,3.467618562,1.9482091,1.722424644,1.533966399,0,9.884361233,3.162608452,2.397077848,3.958709677,6.466768727,10.49359218,10.10133854,2.396896259,0.830983825,1.67445975,0.093105742,4.075890002,1.857420838,0,2.955480733,0.54200542,0.945775536,0.792079208,5.407757335,5.521930188,1.444400475,7.020555891,2.813572675,6.515942029,2.863732462,0.076505241,3.014954173,3.312075705,2.542798193,1.668328348,0.025006252,1.063696659,3.495346432,3.276488678,5.091819699,6.914212548,0.164489598,0.004440103,0.137883488,0.033579584,0.033766039
Escherichia-Shigella,0.94157507,1.13219842,0.610653963,1.943800577,5.079927488,0.435233988,0.547122465,2.222402137,1.843827379,0.807314897,0.115544918,12.90936079,0.838995265,0.190183304,0.655286114,1.087550055,0.646653248,2.040899629,1.199155794,0.490587109,0.659393358,1.178443938,14.04894735,0.439156819,0.139603526,0.738159644,1.173462973,1.212595345,7.640135647,0.480551274,27.91721185,1.978194433,1.114325931,2.528122463,10.56039851,2.904481085,32.85131478,2.070718743,17.21430884,2.518922943,1.564315724,0.87360521,0.960855579,2.489242772,5.94398383,1.226875145,9.978837701,9.769087234,1.605296179,37.07029782,17.45204019,2.082678403,36.35021939,69.14713299,9.112942317,10.48880626,1.311568604,57.66432729,15.92321207,6.403035281,0.61105643,1.131284364,1.038192128,0.625327793,0.232207602,4.322777713,4.487625281,1.889782037,46.46273022,6.572074851,69.68186758,0.551586943,9.373121511,2.429752066,3.837670931,73.98063394,28.22067161,6.491493083,0.483751414,1.044386423,0.176817289,16.09840705,23.65505586,24.51957465,4.188966239,1.33119925,23.08380797,0.75310559,0.522661674,0.22837343,0.509495137,3.261402648,0.213730016,1.659163987,12.81759421,0.963654299,29.29374615,5.693379246,2.185905678,20.40070196,16.32661682,5.753307725,6.640900968,32.21156141,5.052033191,4.301261012,6.85302917,3.58898971,7.020566982,2.083001222,0.710645659,45.55065379,13.71718882,0.282417494,0.99262398,0.850534693,6.497094795,4.168349624,0.29506205,4.017477849,1.232798165,0.107411386,73.38532144,79.86679183,0.776502363,1.303718011,3.16162051,0.209513463,1.067553378,4.246236801,1.780322749,94.81799985,0.393018148,94.1750644,0.442617768,0.071123755,0,0,0.018611576,0.552898984,10.73899106,2.449812862,1.875916999,0.157331655,0.710811822,2.129015808,2.81945789,11.12951308,0.73046019,93.38775206,1.238986784,3.946263644,0.053268397,0.16,0.981893048,6.331683796,6.708936216,0.031887755,0,10.89978516,0.385723786,10.15988062,29.70104369,98.23712273,5.050505051,2.43902439,0.231189575,0.858085809,0.149179513,0.53892712,82.97981797,78.34439237,1.164819087,0.057971014,0.903325005,83.10381761,0.518572118,0.102859494,0.150560419,0.312396145,0.08752188,0.437992742,0.103412616,2.644674308,2.25375626,2.247119078,0.406386067,67.56504751,2.619786281,7.74569062,0.026262475
Pseudomonas,0,0,0,0.020332642,0,0.031943779,0,0,0,0,0.008253208,0.023193246,0.020588841,0.032371626,0.016695188,0.018201675,0.029977303,0.012245398,0.047966232,0.055839183,0.02397794,0.047309793,0,0,0.03589805,0,0.033527514,0.066497164,0,0.068002539,0.035684549,0.024779053,0.015639662,0,0,0,0,0,0.056652638,0,0,0,0,0,0.082498041,0,0,0,0,0.00835387,0,0,0.03191065,0,0,0,0.069029927,0,0.295667824,0,30.27805118,0.087021874,0.091727819,0,0,0.135328462,0,0.119802133,0,0,0,0.067818067,0,0,0,0,0.183166158,0,0,0,0,0,0,0.023842449,0,0,0,0,0,0,0,0,0,0,0,0.106229608,0,0,0,14.43891976,16.0689393,22.79129321,20.35905747,14.87899184,8.962545271,7.1989981,10.99008975,3.974248492,6.681489717,6.626281949,0.032727103,0,0,0.012103607,0,0.014921661,0.077201251,0.012117295,0.008678296,1.225876927,28.94208716,10.74113856,0.123129734,0.017880291,1.147873059,3.887011106,0.014349261,1.730426011,12.46937347,3.639631543,2.727745966,0,2.161599815,0.036151656,3.19317104,4.907539118,11.93683233,10.18012548,13.3258887,77.95128512,0.417580564,1.054780538,1.152798156,93.08789595,44.10774411,1.121876594,47.1321394,19.6091421,51.20525931,0,9.333700441,20.82283795,61.67719352,53.8683871,35.74935332,38.06623525,33.91860402,50.46768707,61.51506158,47.13762164,3.906007537,30.34747389,0.583760835,0,16.61054994,10.29810298,33.35435057,69.6039604,5.954748881,9.012519692,0.542144836,0.069602339,18.91846266,2.168115942,0.8072266,0.011475786,18.10178485,22.16107797,21.32381643,26.34097707,31.35783946,38.10536854,10.72388831,31.55157954,34.2886292,23.24583867,72.98500242,0.115442678,4.963805584,1.186478621,99.15960081
Faecalibacterium,3.671748808,5.880915533,20.16024253,6.990362328,5.203526697,20.96310494,3.488419927,6.626725499,5.82331093,17.57805531,5.001444311,8.26143427,6.387687873,27.11932991,22.95588297,18.4337459,17.03995546,7.437038246,6.547390637,36.62651563,26.40770491,1.337576878,5.098342631,40.71782178,9.161979977,10.72853147,16.26922593,13.49501271,12.99421504,10.44065645,0.091193846,20.84744363,25.76243353,32.86172639,3.781652138,8.191920408,14.31110393,7.090362838,41.51424409,9.401497291,13.77044784,27.41531986,12.0817145,22.60023324,6.0842305,1.044972521,6.983558522,2.406313171,5.785123967,2.050875068,1.092417783,1.560044011,0,1.66191244,2.54887704,25.67588504,12.66902181,2.439233139,0.389938724,1.236016585,0.266568241,3.737985048,3.790026684,16.54092871,28.73670917,13.33565325,12.32971978,2.647240686,1.770611019,6.140242649,0.655749991,2.360068722,1.59725204,6.409090909,1.267193327,1.074211362,24.3305713,1.37939259,2.013030078,6.634421949,10.38113949,1.264320599,1.94817388,0,25.13782142,6.050905684,7.005695688,10.59782609,48.95857711,10.28467929,30.39601667,11.16151708,43.66931692,15.91854234,5.235985203,0.542529782,6.585027726,1.318672719,10.44838027,1.940138442,3.484982892,4.093043107,3.661222624,4.119528378,4.437720625,3.381413025,3.127337322,4.830942363,1.095052807,1.960784314,8.116321474,7.750089424,5.199753676,9.356088114,15.87021343,22.06416314,8.207711999,0.823976089,1.674911047,0.485495813,0,3.293949159,0.003731204,1.734388271,4.355165429,3.814582327,1.219687186,4.16698999,7.752887644,0.134801168,0.947423217,0.040773964,0.624205294,0,0,0.023707918,0,0,0,0.074716079,0.257297115,0.442327322,0.71263886,0.24648626,0,0.267720551,0.072604066,3.212984432,0.146092038,0.00372731,0.02753304,1.875174923,3.196103797,1.486451613,1.061077971,1.907541344,4.416626023,2.237457483,1.357768215,1.826108935,0.168477056,4.493711362,5.855298072,0,0,0.677506775,0.903741068,0.066006601,0.428891099,4.054390183,1.23070835,0.979072897,2.4196725,4.4,0.768787238,0.022951572,3.075253256,0.858876774,0.011152624,0,0,0.550619447,1.840744571,3.863572826,5.722500464,2.516005122,0.096758587,0,0.56876939,0.100738751,0.026262475
Bifidobacterium,2.355907497,5.844261627,3.209181464,15.07868732,15.73829927,10.72113081,31.32173269,33.25507023,3.563848603,0.325602141,2.42644328,1.006586882,0.175005147,0.428924048,8.105513586,0.914634146,6.445120123,1.92252745,0.719493477,8.990108488,2.613595492,4.275084943,1.437472004,1.022037688,25.52750189,2.420796846,3.407233561,28.10091923,3.738280471,1.287514734,0.741445621,0.623606178,6.40835158,2.207275117,5.695309257,21.93605328,1.555115725,3.693089901,0.946908385,1.100219217,0.697237865,11.59512369,12.97990559,10.68886476,2.751309656,0.580540289,5.546964024,31.32483284,1.652892562,1.031702936,0.635657734,31.15372524,10.9054647,4.3118773,8.410082404,2.773258967,1.051691233,4.103902773,6.530402365,18.41508253,1.000656168,26.57331593,5.441127418,0.79073708,5.133010144,5.896454394,1.411331561,64.43808935,23.91905778,8.558502982,1.348971409,2.893570847,8.969514813,10.04545455,10.87941613,0.877524775,1.308329699,48.81141676,50.73538017,6.03946411,2.679764244,1.03153955,0.42249554,5.293023699,2.366101968,0.523110556,0.480065094,27.63586957,3.135970044,22.32547151,1.08074726,0.543567108,6.664101906,1.916398714,1.004105858,17.15228773,1.617375231,0.524338707,0.659504749,3.94364824,2.661259663,5.749039693,3.370319578,2.773402072,8.371154816,8.239765072,3.473261032,10.13838901,4.880489161,6.403103247,11.70227687,0.381542864,2.201524132,1.803437424,1.471280603,0.527232032,1.820324245,4.455125616,0.225635685,0.655419347,0,2.327246688,0.003731204,0.612399982,5.232950709,4.104297441,0.583536615,4.236827811,3.167658383,2.426421029,0.937011973,0.033360516,0.55484915,0,0,0.189663348,0,0,0.130281035,0,0.109667623,0.136100715,0.471599245,0.057688274,0,0.344212137,0.060503388,0.132494203,0,0,0,0.531766023,0.007609771,0.041290323,0.469830544,3.87006725,0.097545115,1.456207483,0.155809467,3.184632883,0.02660164,6.928160307,4.387051123,0,1.197156753,0.474254743,0.630517024,0,0.192690204,1.144183733,0.087059755,0.301610134,0.225085814,0.713043478,0.672688833,0.011475786,0.771828268,1.758897346,0.044610495,0.026586906,0.018754689,0,1.127197518,0.273972603,0.046373586,0.064020487,0.053217223,0.226445254,0.258531541,4.253413924,0
Blautia,4.636961746,8.13716706,4.032048506,5.644341426,5.969841793,6.939785977,12.22181085,6.699591143,10.12115317,6.614629795,4.415466513,3.826885611,1.322833025,3.245255534,3.343211319,11.26683655,8.196651107,3.881791094,7.981580967,4.901882578,3.376893258,7.677089157,3.628293358,3.353561163,3.841091301,4.140112787,2.539709149,5.832192451,7.113504887,7.974431045,7.006066373,6.5994879,6.775883641,4.978932313,8.298048983,5.600353031,2.205436846,4.50658655,4.77905471,5.455598296,7.960132296,4.979549696,2.790658813,2.56162786,12.90681846,1.126248162,1.994139671,0.793033743,7.515901519,16.3902928,0.959196102,8.546840616,0.362983646,2.87734094,5.566327355,1.677124487,16.92045316,4.305032523,0.304237905,0.766643198,0.188648294,8.172145089,0.783855904,6.112074878,3.841609973,8.061709778,9.511147474,7.385221827,4.675519722,23.28192474,0.955521415,2.62229858,0.742808072,3.053719008,1.640133136,0.938043725,2.865242041,0.600254412,1.170366325,5.401703548,8.868369352,2.848144598,6.900760492,9.804015068,14.69558569,7.483603998,4.263628967,3.486024845,5.877993603,4.496594086,3.948587309,2.815922838,2.222792169,6.670953912,6.333590796,0.151756582,3.812384473,1.263891063,4.24322867,4.660232037,3.523000887,4.297908664,3.36616382,4.950116951,6.720762848,8.485921575,9.690538519,3.857657018,3.068371317,7.986609278,2.482584506,2.949008386,2.636440613,3.393044461,4.58254865,3.73041532,3.283084799,9.673640843,5.718996789,0.109236558,0,0.751879699,0,0.95212552,0.641458474,1.158860454,0.349165351,0.737177,0.892544627,0.49427095,0.718375846,0.014826896,0.485493007,0,0.948466646,0.900900901,0.441244775,0.526209269,0.316396799,0.059772863,0.122321579,1.73528411,0.785998742,0.10488777,0.224466891,1.121876594,0.133107454,3.279231534,0.365230095,0,0,2.658830115,0.936001826,0.103225806,0.707385314,5.557670346,0.569013169,0.201955782,0.274521442,4.126121572,0.239414764,3.653805159,1.768972227,0,0.486344931,0.406504065,0.704077343,0.330033003,0.484833416,2.578558992,0.079145231,0.751705257,0.236340105,1.762318841,0.249855852,0.030602096,1.374819103,1.362888295,0.022305247,0.019940179,0.025006252,0.22525341,3.309203723,0.553536483,1.660174365,0.179257362,0.15481374,0.488411331,0.65494657,4.723528095,0.022510693
Agathobacter,1.016428318,3.14001792,2.08315288,0.321255744,1.936387607,1.5173295,0.942037928,1.530178521,35.0150336,0.713648528,0.466306277,3.149642824,8.415688697,0.347994982,0.530072207,10.57972333,4.321014089,3.338911792,3.736569455,0.749840459,1.606522,0.615027311,1.32752372,1.916320664,0.526504727,5.323002155,1.751812581,11.67611969,9.495312188,17.59452353,0.023789699,7.107458495,0.817172349,1.151957942,2.855956829,2.615637662,4.30585289,16.55650566,6.907575267,1.381478264,12.92124788,1.580431243,1.261645152,1.190332569,1.262220022,0.394767397,3.890607195,0.691960815,5.728873697,3.55874859,0.243605359,1.772241434,0,0.599446029,0.270641461,0.371833604,14.77240427,0.457891133,0.059990573,0.199483689,0.180446194,9.916538112,0.404436291,0.213821761,0.138509798,1.067161582,9.940683166,1.39897975,0.067188365,0.386592638,0.191104283,0.483768876,0.180334908,0.797520661,0.072181898,0.079431122,3.859572612,0.254412466,0.156048843,0.436587767,0.907662083,0.460997763,1.802647639,0.405321635,0.30179872,14.0810431,6.293734744,5.535714286,1.115531633,0.61818325,1.053728578,4.855321236,0.880567667,5.997856377,8.642627749,0.102435693,0.974276032,0.309125059,4.185159069,1.940138442,1.42778693,1.425522834,1.055562482,1.68981813,3.965525146,4.707203317,1.795063575,0.070968723,0.066703724,0.292257825,45.58417878,0.325901196,0.16934801,1.020737513,0.168706842,3.944292465,0.739506725,0.230228613,1.831120368,0.084961767,0,1.109917651,0,0.330785392,1.215395003,1.521004346,0.071746305,1.412275937,1.90759538,0.606605257,0.218636127,0.011120172,0.381458791,0,0,0,0,0,0,0.037358039,0.016871942,0,0.083839866,0,0.074822297,0,0,0.264988407,0.219138057,0,0.082599119,2.406940946,0.471805799,0.046451613,0,1.239267436,0.433533843,0.116921769,0.14097047,1.244787059,0,1.0701343,9.004068636,0.011804982,0.523756079,0,0.378310214,0,0.285927399,0.464306442,3.79501385,0.352651849,7.214000338,1.397101449,0,0.045903144,1.53159672,0.50401152,0,0.033233632,0.025006252,0,0.403309204,0.894604417,0.853273975,0.128040973,0,0,0.275766977,0,0
Enterococcus,0,0.236214059,0,0.044731812,0.123599209,0.007985945,0,0.101202283,0.194552529,0,0.136177939,0.018554597,0.993411571,0,0,0,0,0,0.383729854,0,0.019981617,0.120424928,0.093659649,0.015969339,0.075784771,0.178808858,0.033527514,0,0,0.204007616,0,0.128025109,0.109477635,0.081178244,0.199252802,0,0.084824494,0.415992605,0.076885724,0.235761261,0.08938947,0.14295358,0.096085558,0.164877146,0.04124902,2.852387956,0.048836074,9.154874825,8.887542729,0.125308049,0.049482339,7.529078906,0.175508576,0.062011658,0.153498142,0.27112867,0.203029196,2.002738788,25.41886275,51.75232731,20.67749344,0.118666192,26.36757839,0.116996813,0.28516723,0.228125121,0.392718347,0.181635492,2.782388744,0.238535883,2.000974257,0.108508907,61.84199227,0.44214876,0.384970125,4.240108934,0.274749237,1.649705836,0.175554949,0.188331978,0.208251473,0.013693003,0.699464839,0.176434123,0.060359744,0.054653342,3.083807974,0.182453416,0.132615649,0.051187148,1.161803304,0.085826385,0.064119005,0,0.113825765,2.856817664,0.103974122,0.027390828,0.920817952,0.190114068,0.168968867,0.33290653,0.120516976,0.181392907,0.068766332,0.051822422,0.051421092,5.459522482,8.165647582,1.769488283,0.0046753,0.099360121,0,0,0,0,0,0.012117295,0.008678296,1.395800461,0.516055046,0.035803795,25.96544905,0.120691967,0,0.072428778,9.671401923,0.512144021,0.752537627,0.134801168,0.010411244,4.929942916,0.277424575,1.599710787,0.916851091,0.094831674,0,0.060716454,1.284198772,0.179318589,0,0.158784167,0.482079229,0,0,0.038245793,0.314617619,0,0,6.608520631,0.523127753,0.083963056,0,0.041290323,0.073905928,0.059214144,0,0,0.007419498,0.101099457,0.031035247,1.26625453,0.088448611,0,1.309390198,0,0.010508617,0,0.006215813,0,0.027700831,0,2.594114006,0.017391304,0.538151067,13.23540663,0.241196334,0,0,0,0.018754689,0.250281567,0.12409514,0,0,0,0,0,0.379179593,0.134318334,0
Subdoligranulum,0.208801166,0.150688279,3.399740147,4.863567972,1.104152933,1.441463025,2.011600642,4.36789054,1.229218253,0.490633363,1.658894895,0.770015771,0.797817583,2.071784081,2.366542844,0.313978886,3.584428932,2.049063227,0.441289332,3.693363114,2.102066099,0.533310395,0.956957283,1.736665602,6.166487176,1.366283068,1.982314237,2.87111285,0.402952324,1.36911778,0.091193846,1.168745354,3.112292774,1.468939658,1.614777916,1.648814538,1.086561377,0.89207303,0.728391065,5.364602722,1.850362027,2.882897193,20.36596065,0.7801504,0.589860991,24.78132982,2.804004558,0.649199191,5.092812946,0.705902009,0.658495737,0.679817667,0.043877144,0.30592418,2.544837615,1.026415679,0.503512405,2.695994522,0.501349788,0.203395134,0.086122047,2.07665836,0.504503002,6.196796708,5.075976698,3.147353362,4.949887503,0.827021178,0.608647538,17.70923298,0.355978566,0.687223076,0.755689137,1.714876033,16.97076633,1.14986005,5.486262538,0.576403244,0.990910155,2.144416385,3.143418468,0.182573372,1.478734391,2.150588908,1.235362762,1.007183011,1.541903987,2.00310559,2.820032764,2.299484191,2.037980547,0.817394147,13.123023,5.984994641,1.000040652,0.125199181,0.670055453,7.782908123,0.323530632,1.165058009,2.014953745,1.85659411,1.396334622,1.393861282,2.956952276,1.697184315,2.617801047,0.070968723,0,0,0.210388517,0.59218632,3.760295589,0.379246349,0.380571249,1.765729918,0.394132705,0.13329025,2.386531285,0.024274791,0,0.680272109,0,0.491708015,0.87778528,0.724287784,0.497441048,1.148444169,1.111305565,0,0,0.003706724,0.046237429,0,0,0,0,0,0,0,0,0,0.020959966,0.005244389,0,0.242223355,0,0.629347466,0,0,0,1.679261125,0.129366106,0.32,0.459272555,0.871293829,0.579851515,0.28167517,0.029677994,1.181599899,0.062070494,1.040289917,0.22996639,0,0,0,0.157629256,0,0.261064147,0.671586104,0.087059755,0.162405457,0.146305779,2.115942029,0,0.007650524,1.471297636,0.992594116,0,0,0,0,0.237849018,0.335476656,0.213318494,0.454545455,0.111272375,0,0,0.693978061,0
Lactobacillus,0.102430761,0.195487497,0.021654396,0,0.115359262,0.079859447,0.078160352,0.190260292,0.265298903,0.267618198,0.07840548,0.570553855,0.082355363,0.125440052,0.475812847,0.414088096,0.334032804,0.693905874,1.347851113,0.083758775,0.175838229,0.408584577,0.012216476,0,0.023932033,0.01833937,0.088009723,0.043027577,0.083782166,0.308278176,0.352880536,0.020649211,0,0.054118829,0.058115401,1.725037108,0.109060064,0.226484862,0.028326319,0.111676387,0.008938947,0.035738395,0.008355266,0.096513452,0.107247453,5.124235622,9.392804818,0.548126263,0.008653888,0.246439163,0.175091352,6.346274756,8.428400479,0.157096201,0.125222168,0.0348594,0.154302189,0.085587128,1.096970476,0.156457796,42.3187336,0.114710652,0.120913943,0.121031186,0.325905406,0.185593319,0.122724484,0.100479209,0.292466999,0.59222702,3.589762806,4.30870784,2.297123229,0.103305785,0.172434535,7.379529465,0.274749237,11.29750358,3.144384192,0.175491161,0.243614931,0.03195034,0.154915031,0.305183348,0.225343045,0.101499063,0.158665582,0.124223602,0.546064436,0.114186715,0.23544851,0.094000327,0.149611011,0,0.056912883,48.68730556,0.080868762,0.074346533,0.157617487,1.072438335,0.587166815,0.230473752,0.498690936,0.52508473,0.742676386,0.699602695,0.556282723,4.65858975,1.756531406,1.838567405,0,0,0,0.169450496,0.168706842,1.646356628,0.117833489,0.456418127,0.364488414,0.606869766,0.329701835,0.429645542,0,0,0.43889264,1.376146789,0.057397044,1.171723442,0.805040252,0.471804089,4.102030193,0,6.149578083,0,0.316155549,4.409672831,0.185787274,0.890507994,1.916992369,0.276449492,0.113885608,1.701258932,3.898553762,0,0.26187804,0.688424273,2.250726041,2.484266313,0,0,0,8.844108592,1.468685793,0.64,0.45399356,0.617518927,0.384761285,1.19047619,0.830983825,0.347529382,0.01330082,1.978256235,0.247656112,0.003934994,4.601571268,5.284552846,0.105086171,0.165016502,4.034062655,0.190697289,0.102888801,0.320170758,0.371391593,4.394202899,9.110128772,0.168311529,16.77520502,0.519440444,1.076228183,0.385510136,0.268817204,1.564259792,0.899689762,0.195694716,1.892042293,0.42893726,0.338655056,0.466210816,10.23784902,1.231251399,0.01875891
Parabacteroides,3.65599023,2.549482773,0.515374621,1.825871254,2.669742914,3.122504392,0.621169114,0.198356475,0.287407145,0.477252453,0.969751991,0.106688932,0.545604282,1.594302594,0.300513377,0.377684747,0.376857522,1.163312788,0.287797391,0.494575622,1.454661711,0.107522257,0.977318076,0.850367295,0.307127757,0.848195864,1.043543858,0.078231958,0.662278077,3.522531508,0.586812577,0.115635583,1.548326556,0.734469829,0.834371108,0.208609139,0.666478168,0.374393344,0.097118809,0.756917732,1.18887995,4.431560974,6.412666583,1.238589295,0.210370004,0.077405372,0.944164089,0.194371015,0.354809398,5.847708951,1.153319123,0.286859478,0.067810132,0.194303196,2.625626111,6.197226741,1.595809477,0.543478261,0.539915156,2.42509583,0.057414698,0.328309798,0.100066711,2.226973817,1.869882267,0.181726791,0.679075476,0.459885608,0.280610228,1.056960724,0.464645708,12.78144498,1.176470588,33.62809917,1.551910815,0.938043725,0.444832098,0.246462077,1.381032263,0.175491161,2.176817289,0.634442467,0.525772228,0.963234943,0.213271096,1.491255465,0.321399512,2.496118012,0.187222092,1.204866717,0.768102517,0.085826385,1.795332136,0.681672026,0.146347412,0.072084377,1.139864449,38.16716231,1.870670704,0.17061519,0.887086554,0.819462228,1.055562482,0.267315862,0.96731307,1.481257557,0.565632012,0.086176307,0.033351862,0.138158244,0.855579971,0.421286912,2.474790239,5.599935447,6.850282486,0.507336483,4.185120475,0.339284272,2.521044867,0.303434883,0,0.608664518,0,0.040230656,0.87778528,0.43457267,0.086095566,0.380228137,0.201260063,1.235677376,2.248828735,0,1.745462952,0,0.537464433,0.521574206,0.534138412,0.060716454,0.67001675,0,0,1.440399229,1.813037099,0.010488777,0.112233446,0.356960734,0.121006776,0.099370653,0.073046019,0,0,0.951581304,1.088197245,2.105806452,10.49992082,0.380662352,2.910095919,1.041666667,0.741949844,0.246429925,0.035468854,0.366659561,0.654519724,0,0.411522634,0.067750678,0,0.0330033,0.658876181,0.149241356,0.142461417,0.018560624,0.332001576,0.637681159,0.461272343,0,0.168837434,0.149146266,0,0,0,0.037542235,0.558428128,2.113502935,3.552216657,6.229193342,0.043541364,0,0.361944157,0,0.003751782
Streptococcus,0.425481622,0.989655453,0.441749675,0.060997926,0.078279499,0.686791247,0.917355712,0.627454155,0.583657588,0.619982159,0.392027401,0.129882178,0.308832613,0.396552422,0.137735298,0.245722606,0.295490557,0.346952937,0.556408289,0.721920868,0.151860289,1.122532364,6.564319746,0.103800703,0.279207052,0.229242126,0.234692595,0.156463916,2.85657291,0.698159398,0.281511439,0.495581069,0.660775727,0.367234914,0.211706102,7.461788422,0.072706709,0.503813266,0.182097766,0.409480084,0.223473675,1.123773975,0.421940928,0.353882656,0.061873531,0.267048533,0.061045092,2.65510807,1.4495262,0.593124765,1.709043849,5.041653568,1.810929398,2.414320559,0.19389239,0.061972267,1.498355464,0.830195139,0.188541801,1.533286396,0.520833333,0.181954828,0.52951968,0.133134304,0.444046116,11.12399954,3.722642667,0.65697944,0.426843728,0.065803002,0.116161427,0.108508907,2.103907256,0.946280992,0.080202109,0.499281337,0.4361099,1.427094928,2.153474037,7.421992039,38.73477407,3.240677347,0.164303821,4.592055696,0.50702185,14.17473454,2.892595606,0.597826087,0.522661674,0.641808088,0.335803613,0.318783718,0.294947422,1.603429796,0.817106386,0.982623871,0.165588417,0.058694631,0.223982745,5.513307985,1.444683817,1.284677764,1.076341271,1.45591675,1.925457296,2.323371912,3.071241586,0.61844173,0.500277932,0.239120038,0.032727103,0.027820834,0.003848818,0.165415961,0.109855618,0.18900771,0.166592174,0.145407545,8.031762562,0.351984464,0,0.07160759,0,0.286084663,0,0.627716079,0.019132348,0.139675642,0.245012251,0,0.010411244,0,0,0,0.189693329,0,0,0,0,0.127017334,0,0.41964387,0.010479983,0,0.037411149,0.509943906,0.048402711,2.219277907,0,0,0.055066079,2.378953261,0.517464424,0.459354839,0.374808636,1.137757476,0.612366553,0.494260204,1.009051788,1.238468343,0.031035247,1.782136005,0.371484168,0,11.70968949,0,0.136612022,0,0.006215813,0.132658984,0.269093787,0.278409355,2.582859715,0.110144928,0,0,0.048239267,0.694301584,0.652428484,0.505151213,0.656414104,1.27643599,2.171664943,1.990494828,0.955295863,0.742637644,0.556361877,0.230885357,7.014822475,2.305798075,0.026262475
Prevotella,0.338809439,0.166978904,8.505846687,0.036598756,0.078279499,3.565724325,0.127524785,0.234789297,0.543862752,0,0.123798127,0,43.5505456,9.764091774,0.06678075,0.541499818,0,0.232662558,0.110322333,0.21936822,0.187827199,0.133327599,0.337989168,1.541041201,0.51453871,5.607262391,2.338544068,0.039115979,0.115699182,8.22830719,0.091193846,1.519781944,1.532686894,0.050253199,0.0498132,0.433265134,0.044431878,0.203374162,0.044512787,0.136493361,8.688656476,0.075447723,0.204704015,0.072385089,0.057748628,0.16642155,0.158717239,0.151609392,0.051923327,0.142015789,0.433922046,0.43618359,0.043877144,0.219107859,0.206010664,0.050352467,0.18678686,0.077028415,0.017140164,0,0.01230315,0.094932954,0.120913943,0.843183927,0.109993075,0.463983297,1.04315811,0.127531303,0,2.368908081,1.172855698,5.004973325,0.021468441,0.157024793,0.032080844,0.117255466,0.248582643,0,0,0.034242178,0.094302554,0.09585102,0.00938879,4.21057651,0.028167881,1.819175515,0.065093572,0,0.031203682,0.047249675,0.02315887,0.216609449,0.13678721,9.809217578,0.817106386,0,0.485212569,0.089998435,0.020739143,0.448474213,1.12786719,1.412718737,4.563022067,0.458255764,5.322514097,1.593539471,0.813388182,0.091245501,0.011117287,0,0.014025901,0,0,0,0,0,0,0,0,0,0,9.380594343,0,0.022350364,10.66846725,8.957025592,0,5.253356095,6.212810641,0,0.229047371,0,0.242746503,0,0,0,0,0,0,0,0.097013666,0.442327322,0.125759799,0.188797986,0,0.191228965,0,0,0,0,0,0.867618248,0.205463816,0.036129032,0.105579898,0.858605084,0.010838346,0.085034014,0.192906959,0.284342222,0,0.942229802,16.3629931,0,1.122334456,0,0,0,0,0.016582373,1.590819153,0.046401559,3.770187384,0.168115942,0.038439362,0,0.192957067,3.14235754,2.888529527,2.718511133,1.36284071,0,0.186142709,0.313111546,0.361713968,0.057618438,0.004837929,0,0.275766977,0.12312514,0
Fusicatenibacter,2.225899224,4.060438218,2.18709398,1.976332805,1.174192485,0.69078422,2.418857213,1.675909809,4.032543332,1.239964318,1.596995832,1.461174506,0.48898497,1.307004411,2.637839643,4.231889334,2.436726479,1.820482469,5.209132771,1.838704531,3.8284778,0.374177455,1.53927597,1.0579687,2.672410355,1.091192518,1.693139433,3.583023665,3.087971275,1.373651283,0.01189485,1.623028,2.459336878,1.267926862,7.148194271,1.047057408,1.102718423,1.234111394,3.176594367,3.424742524,3.517475641,3.550013898,1.449638635,0.69570113,3.943406344,0.298010682,4.228390037,0.369304929,3.232227078,0.367570277,0.296894032,0.400817353,0.007977663,0.988052421,0.250444337,0.367960338,9.810370731,0.372304005,0.055705532,0.324649926,0.065616798,4.00300621,0.316877919,1.787227176,2.403552369,3.464408615,8.169359787,1.553563147,0.822069402,1.205017479,0.161127141,0.36621756,0.188922284,0.545454545,0.798010988,0.158862244,1.242913214,0.246462077,0.35891234,0.599238112,1.174852652,0.136930029,2.239226364,0.405321635,1.480825721,1.569331668,1.749389748,3.031832298,10.49613854,0.956805922,1.601821831,0.94409024,1.090023083,1.256162915,3.26436034,0.102435693,0.473659889,0.160431992,0.506035091,0.857950668,0.688548135,1.327358088,1.018160662,0.921285026,1.178196488,1.926066678,1.27617801,0.228113753,0.355753196,1.711036718,1.009864884,0.973729184,0.696636133,1.149842653,0.843534212,2.084058692,1.340863841,0.222150416,0.772368307,0.024274791,0,1.074113856,0,0.254794153,1.046590142,1.424432641,0.172191132,1.373477148,1.645082254,0,0,0.011120172,0,0,0,0,0,0,0.111669458,0,0.025307913,0.045366905,0.03143995,0.026221943,0,0.050994391,0.012100678,0.132494203,0,0,0,0.335852225,0.517464424,0.299354839,0.269228739,1.264644927,0.373922939,1.057610544,0.541623386,0.6697839,0.01330082,0.528671925,1.751282505,0,0.299289188,0,0.115594788,0,0.099453008,0.323356272,0.011871785,0.264488887,0.039390017,0.742028986,0,0.022951572,0.602990835,0,0,0.006646726,0.006251563,0,0.558428128,0.861056751,0.751252087,0.409731114,0,0,0.241296105,0,0.015007128
Dialister,0.106370405,0.077380468,7.847553053,9.560408279,1.355471325,11.49576745,0.460734707,1.49779379,0.265298903,0.138269402,2.116947964,0.12060488,7.648754375,0.129486505,5.905922618,0.20021842,0.11562674,3.220539614,3.242517268,0.398851308,1.522599209,9.97806546,0.21175225,0.658735228,1.053009453,5.378020265,25.50605591,0.305104635,0.82984241,0.349079699,0.043614448,8.404228958,15.86252737,0.096640767,4.665836447,1.018975408,0.177727511,0.134042061,4.742635157,0.181991149,0.487172611,2.199896756,0.196348749,0.176941328,0.111372355,0.077405372,0.097672147,0.190483595,3.310112068,0.133661919,2.8090743,0.098239547,0.0638213,0.062011658,0.028275974,0.364087071,0.142120437,0.072749059,0.04713545,0.117343347,0,0.083066334,0.012508339,0.02824061,3.120544262,0.01546611,0.298629577,0.266656361,0.185756067,2.134484886,0.82811856,0.04069084,0.034349506,0.29338843,0.072181898,0.018912172,0.828608809,0.27428844,0.362813561,0.094165989,0.502946955,0.022821671,0.117359872,0.367173716,0.225343045,0.550437227,2.807160293,0.547360248,0.284733599,2.582982242,0.18913077,0,0.538599641,0.081457663,0.304890443,0.060702633,20.0361984,0.066520582,3.301671575,0.857950668,0.709669243,0.503627828,1.354777044,0.739892119,1.833768853,0.617550527,1.145287958,0.283874892,0.116731518,0.499495191,0,0,0.084674005,4.06681191,0.019617075,0.213877145,0.040632238,0.149446644,0.03905233,0.339847069,0,0.465449338,0,0.272674445,0.371370695,0.555287301,0.339599177,0.605261116,0.525026251,0,1.270171786,0.025947068,1.086579586,0,0,0,0,0,0,0.037358039,0.097013666,0.873312918,1.089918256,0.068177051,0,0.16573177,0.229912875,0,0,0,0,0.195913798,0.007609771,0,0.195322811,0.680962653,0.151736845,0.015943878,0.111292477,0.777202073,0.044336067,1.112769132,0,0,0,0,0,0.099009901,0.012431626,0.215570848,0.526315789,0,2.543469698,0.08115942,0,0,0.156777617,0.51429747,0.434952323,0.49185776,0.368842211,0,0.237849018,0.615040537,0.009274717,0,0,0,0,0,0.003751782
Akkermansia,0.066973959,0,0.05197055,3.501280956,0.098879367,0.043922696,0.012341108,1.339918229,0.097276265,0,0.012379813,0,0,0.03641808,0.05425936,0.204768839,0.081366965,0.061226989,0.033576362,0.482610083,0.115893378,0.012902671,0.028505111,0.015969339,0.011966017,0.119205905,0.020954696,0.003911598,1.472172352,0.072536041,2.54153285,0.028908896,0.011729747,0.146893966,0.0207555,0.036105428,0.117138587,0.078576381,0.012139851,1.687554287,0,0,0,0.016085575,0.061873531,33.21077483,17.80074882,0.007774841,0.004326944,0.104423374,0.06090134,0.184690349,0.095731951,0.235644301,3.20730328,0.0116198,0,0,0,0.003911445,0,0.071199715,0,0,0.004073818,0.03093222,0.004090816,0.01545834,0,0.004112688,0,0.013563613,0.017174753,0,0,0,0.296554732,0,0,0.124127895,0,0.118672692,0,17.29531257,0,0.035134291,0.020341741,0.011645963,0,0,0,8.272028772,0.012823801,1.40192926,0.012195618,0,0.038508934,0,0.186652288,0.453348932,7.590926372,4.161331626,1.944894652,0.553725715,1.306560308,0.28502332,0.359947644,0.010138389,0.016675931,0.095648015,0,1.148602997,0,0.371177277,4.500156937,0.084556081,0.03250579,0.060586477,5.966328213,0,0,0,0,0.026820437,0,0,0,0,0.008750438,0.831273871,1.207704321,0.003706724,0.520171078,0,9.389819791,3.390232338,7.895959127,4.068002429,4.91345617,0.022414824,0,1.531133038,0.71263886,0,0,0.471698113,1.911907067,1.821795296,0.876552228,0,0,1.063532046,2.359028993,3.690322581,7.87626036,0.414499006,4.996477538,5.872661565,1.981006084,0.473903703,0,0.251545513,0,0,0.448933782,0.677506775,0.199663724,0.330033003,1.379910492,0.058038305,0.003957262,0.213447172,0.050644308,4.973913043,1.825869691,0,0.241196334,0.010285949,0.005576312,0.006646726,0.025006252,0,0,0.782778865,0.723427935,0.985915493,0.07740687,0.297486902,10.25508445,2.440116409,0
Klebsiella,0.16152543,0.187342185,0.98744045,0.17892725,0.111239288,0.107810254,0.049364433,0.291462575,0.424478245,0.02676182,2.067428713,0,5.033971587,0.424877595,0.217037439,0.218420095,0,0,2.825211051,0.059827696,0.027974264,0.133327599,3.469479171,0.063877355,0.079773443,0.174224015,0.381375466,0.958341482,0.781966886,0.108804062,0.031719599,0.99529198,0.250234595,0.614635278,0.257368203,0.192562282,0.302944622,0.563901086,0.48964066,0.190263474,0.160901046,0.075447723,1.136316163,0.277476173,1.398341789,0.363805248,0.545336155,2.173067952,0.493271602,3.571279395,0.247411693,1.116001257,1.236537694,0.872297325,0.068670221,0.449298939,0.162423356,0.530640192,1.5811801,0.066494563,0,0.083066334,0,0,0,0.197192901,0.605440785,0.154583398,0.130424472,0.637466584,12.85644696,0,0.944611421,0.44214876,0.104262742,0.359331266,1.604884431,0.341866751,0,0.111287078,0.082514735,25.82500342,0.614965731,0.090601307,0.486901936,3.833541537,12.60781123,0.116459627,0.097511506,0.031499783,0.027018681,0.347392513,0.017098401,0.355841372,7.585674214,0,10.62076402,0.226952575,0.41893069,1.754899093,0.316816627,0.234741784,0.482067905,0.482123252,0.169623619,0.116600449,0.219708302,0.795863537,3.123957754,0.802380573,0.032727103,1.518222646,0.007697637,0,0.070621469,0.094503855,0.426638495,0.036351886,0.021695739,0.364121859,0.071674312,0.107411386,0.078355285,0.25032408,0,0.144857557,0.306117568,0.069837821,0.157507875,1.550213435,0,0.063014308,0,0.772741651,0,0,0.928936368,0.080955272,0,0,30.62679264,0,0,0.293685756,0,0,0,0.066247102,0,0,0,0,0.030439084,0.092903226,0.121416882,0.24954532,0.189671056,0.037202381,0,0.417035258,0.022168034,0.247282029,1.008314169,1.648762444,1.234567901,0,0.672551492,0,0.354301343,0.066329492,2.065690542,3.067143056,5.216363739,0.104347826,0,2.134496213,0.132657984,0.015428924,0.005576312,0.013293453,0.018754689,0,0.537745605,0.095051719,0.176219625,0.19206146,0,23.1551372,0.947948983,3.481083501,0.015007128
Alistipes,0.232439034,2.895658549,2.741446514,1.736407629,2.422544496,2.643347708,4.39343453,1.16180221,0.128227803,5.06690455,0.639623654,0.157714074,0.663990117,0.704082871,0.221211236,0.113760466,4.633634534,2.555206335,0.753069839,3.258615188,7.237341646,0.111823147,0.154742029,2.982274034,0.913405927,1.934803539,0.842378777,0.176021905,0.718132855,0.489618279,0.491653781,0.144544478,0.117297466,0.085043875,2.03819012,0.208609139,0.359494284,0.101687081,0.056652638,10.998056,0.236882095,1.636024302,0.58069098,0.16889854,1.625211401,0.127718864,0.675565685,0.12828487,0.402405781,0.04176935,0.079933009,0.035366237,0.051854807,0.053743437,0.504928098,0.23626927,0.11369635,0.068469702,0.077130737,0.238598138,0.01230315,0.201732526,0.062541694,3.687416791,3.580885648,0.301589143,0.846798936,0.170041738,0.102758675,0.43594489,0.071195713,0.2034542,0.163160155,0.541322314,1.219072062,0.162644678,0.675970345,0.210685324,7.049506496,0.342421778,4.392927308,0.041079009,0.952962163,0.419627104,0.374230413,4.520612117,1.834825061,7.476708075,0.206724393,3.862660944,4.072101281,0.024521824,3.962554501,1.54340836,0.097564942,0.022763487,0.708564387,2.887775865,3.608610892,0.428975334,1.10252186,1.532223645,1.782820097,0.420067784,1.985054784,1.723095526,1.178010471,0.593095757,0.566981656,0.733301451,0.762073963,0.377568459,0,3.961913984,2.091180163,0.661526983,0.414448824,21.22950158,9.8238306,0.072824372,0,2.184031507,0,0.013410219,2.059419311,1.665861902,0.04783087,0.690618453,0.621281064,0,0.843310776,0,0.208068431,0,0.411002213,0.071123755,0.487691593,0.161910544,0.446677834,0,0,1.361007145,0.303919514,0,0,1.083630801,0.108906099,0.066247102,0,0,0,0.279876854,0.304390838,0.263225806,1.657604392,0.795161359,0.78578009,0.15412415,0.074194984,0.492859851,0.084238528,0.741846088,0.1592075,0,0.486344931,0.54200542,0.021017234,0.231023102,0.696171059,0.14095017,0.146418678,0.009280312,0.348883012,1.507246377,0.4036133,0.003825262,0.554751568,0.221147912,0,0,0,0,0.248190279,0.318702824,0.556483027,0.582586428,0.053217223,0.013320309,0.08617718,0,0.011255346
Megamonas,0.456998779,0.452064837,0.402771763,0.052864869,0.107119314,0.059894586,0.604714303,0.109298466,0.123806155,0.156110616,0.425040234,0.162352723,0,0.534131833,3.460077633,0.741718238,0.145604043,0.506143108,32.24769762,0.32306956,0.039963234,0.008601781,0.069226697,0.159693389,0.478640661,0.114621063,0.054482209,1.345589673,0.259325753,0.01813401,0,5.009498637,0.039099155,0.231937841,0.107928601,15.46916998,0.335258715,0.0231107,0,0.008272325,1.349780996,0.365325815,0.167105318,0.193026903,0.272243534,0.16642155,0.27673775,0.015549681,0.034615551,0.634894115,65.32429963,0.302577806,0,0.537434371,0,3.296149973,0,0.192571037,0.012855123,0.019557224,0,0,0,0.020171864,0.480710474,0.073464022,0.175905093,0,0.063236108,0.012338063,0.011241428,0,0.038643195,0.033057851,0.048121266,0,0.08722198,0.063603117,0.124839075,5.346060009,0.039292731,26.02583413,0.042249554,0.085832817,9.323568468,0.035134291,0.170870627,0.120341615,0.113113347,0.047249675,0.038598116,0.179826712,0.029922202,2.743837085,0.256107972,0.030351316,0.161737523,0.023477853,0.037330458,0.024373599,0.038017995,0,0.012467273,0.023867488,0.041259799,0.017274141,0.023373224,0.050691945,0,0,0,0,0,0,0,0,0,0,0,0.060686977,0,0.107411386,0,0.15645255,0.43889264,1.762433607,0.052613957,0.131915884,1.391319566,0.49427095,0,0,0,0,0,0,0.023223409,0,0,0,0.04639784,0,0,0.020977554,0,0.038245793,0,0,0,0,0,0,0.114146564,0.433548387,0.131974872,0.029607072,0.325150382,0,0.037097492,0,0,0.093796632,0,0,0,0,0.157629256,0,0,0.174114916,0,0,0.135051488,0.011594203,0,0,0.012059817,0.16457519,0,0,0,0.513077212,0,0.039138943,0.370988685,0.608194622,0.004837929,0,0.08617718,0,0
Roseburia,0.587007052,6.365561619,1.169337375,0.817372209,0.852834542,0.563009104,1.123040849,0.777233534,1.865935621,0.495093666,4.456732555,5.274144169,1.477249331,4.188079149,1.631954589,11.56261376,1.293306497,2.36336177,0.566001535,0.857530313,4.851536586,0.219345404,1.107627153,3.098051741,1.607434885,1.806427949,1.75600352,2.42519069,2.262118492,5.598875691,0,0.759890972,1.192524241,0.869766902,0.552096306,0.264773138,3.106192188,4.56667437,2.144707025,1.898498573,1.497273621,0.857721479,0.593223879,0.534845377,10.27513097,0.24769719,1.054045255,0.353755248,3.180303751,0.350862537,0.190316687,0.903803835,0,0.264583075,0.096946195,0.069718801,0.081211678,0.282437521,0,0.598451068,0,1.174795301,0.041694463,9.876144753,0.154805068,0.378919692,0.891797914,0.104343793,0.067188365,0.189183632,0.11990857,0.361696356,0.030055818,0.061983471,0,0.332854225,0.357610118,0.08347909,0.070221979,0.393785045,0.412573674,0.150623032,1.253403436,0.109675266,0.450686089,1.756714553,1.021155411,0.780279503,0.31203682,0.500059062,0.625289486,4.111492562,0.692485253,1.311897106,8.805235985,0.037939146,0.435150955,1.072155267,1.729644531,0.360729258,0.367507287,0.990183525,0.469600632,0.52508473,0.302571861,0.384349629,0.528234854,0.050691945,0.144524736,0.467612519,0.233765019,0.47692858,0.384881841,1.250706044,0.282485876,1.885103208,3.088050059,0.177720333,0.407879892,0.048549581,0,0,0,0.232443789,0,0,0,0.023279274,0.061253063,0,0,0,0,0,0,0,0,0,0,0,0,0,0,0,0,0,0,0.331235508,0,0,0,1.371396586,0.152195419,0.190967742,0.263949744,0.372203189,0.411857151,0.669642857,0.57130138,0.176924049,0,0.166275847,1.238280559,0,0.299289188,0,0.17864649,0,0.105668821,0.397976951,0,0.380492785,0.016881436,0.655072464,0,0.022951572,0.241196334,0.025714873,0,0,0,0,0.06204757,0.553536483,0.352439251,0.300896287,0.014513788,0,0,0.044772778,0.007503564