Name,H1,H3,H5,H9,H10,H12,H15,H16,H20,H21,H24,H25,H26,H27,H29,H30,H31,H34,H37,H38,H40,H41,H43,H44,H45,H46,H47,H48,H50,H52,D3,D9,D11,D12,D16,D22,D24,D28,D29,D31,D33,D35,D41,D42,D43,D44,D46,D48,D51,D54,D55,D57,D58,D59,D60,D61,D63,D64,D65,D66,Kegg_ID,HMDB_ID,SuperClass(HMDB),SubClass(HMDB)
2-(Formylamino)Benzoic Acid,8925525.72,13171245.86,45354736.09,21128490.83,20360439.07,5714938.236,6481249.417,5222583.602,40469987.97,108420591.9,10518889.51,13700984.26,90064083.49,19185632.26,9965556.023,2815345.534,30396382.9,16255692.96,28706947.26,1935849.021,17347698.27,13041305.75,6821289.497,30717063.88,12649899.4,39302081.44,4822626.946,41858083.64,8293584.338,8113071.34,48654020.73,57214782.37,127915391,66599505.39,25580483.56,20195878.53,111109500.4,45434724.31,59629215.63,42856472.2,69668528.68,32209486.27,80179473.04,104148451,3809124.519,20147455.69,22502507.69,29131760.75,53739118.95,22804005.45,7069060.035,9247168.903,72045813.81,15604336.73,7982230.621,45466544.76,28276813.25,15249245.09,33804622.84,25306812.82,,HMDB0004089,Benzenoids,Benzoic acids and derivatives
Guanine,20693293.48,8008933.835,5165495.692,55897880.03,4349078.426,15453427.25,41056409.33,163746228.7,16321751.55,12086565.56,18130173.36,67162807.69,11758076.33,35928273.21,20514339.61,66120728.42,11333100.45,26602830.62,15884880.75,157608241.8,42711354.99,32813025.37,3489762.931,27278221.82,210211742.6,59171118.39,3300933.355,43098570.49,5362035.723,16397655.95,5538175.105,8352978.112,2013513.059,45023670.16,2876575.039,4839594.107,5598242.942,22553026.63,4772252.962,3997227.726,2668379.778,38225514.8,19058841.77,49824412.19,10940844.03,3095894.284,3740116.594,2047788.071,17384481.96,38361453.37,2799975.64,15797649.77,8587317.814,2446632.982,17624399.88,50954200.97,14606120.6,25553672.64,1534716.254,2806271.027,cpd:C00242,HMDB0000132,Organoheterocyclic compounds,Purines and purine derivatives
Avobenzone,6127894.68,2772258.785,30920291.34,3669621.431,2306553.833,28120410.49,2719725.608,1437180.383,5656503.239,3551701.474,4660153.921,3069336.821,2131898.972,2935678.407,2316014.324,23961720.3,5006576.225,2824315.762,2425027.256,1664756.242,3425679.696,2110287.166,2373935.384,1141293.361,2949411.046,1790563.181,1515128.217,2657621.969,3639611.257,2211044.062,2176811.233,1907848.558,2891194.193,2485405.672,2132625.612,1078046.718,2291957.064,1004859.396,1342406.304,2071426.9,4015773.536,2242558.325,1592308.074,1916442.35,614549.8111,1529147.662,1420464.983,3487820.147,2516768.371,1471407,1641477.879,1811389.048,3121562.031,2343940.809,1543889.63,1796378.549,4956409.995,2085803.024,3373656.419,3334036.639,,HMDB0248746,Phenylpropanoids and polyketides,Chalcones and dihydrochalcones
4-Coumaric acid,66554247.72,81517809.71,59312537.61,71210987.64,93711602.13,83153527.6,116137559.1,92637829.62,109178602.4,123446439,96161628.3,116465752.1,76117397.36,83910402.64,98999156.31,56998638.32,96412721.95,109790081.9,143085910.5,56221678.83,174306839.6,80804027.38,173616674.9,114624573,188427994.4,239064097.1,38965923.25,86081378.97,43798361.76,128595341,189853405.1,130753398.9,68338662.35,119290704.3,253543220.8,212407452.3,236338489.2,132730898.3,117651784.2,99797091.52,170359181.7,152770200.8,134124578.7,111395199.9,36405493.78,161098855.8,124723840.7,136675322.5,153718161.4,134653250.1,86019143.33,61434964.76,293572193.6,110644565.4,94797360.14,157609523.4,126520154.9,58588042.03,140579392.2,165917051.1,cpd:C00811,HMDB0030677,Phenylpropanoids and polyketides,Hydroxycinnamic acids and derivatives
3-Coumaric acid,43301589.15,206786037.1,41343009.11,51873702.13,35399064.33,44120380.32,126043693.9,12290006.47,17745436.44,46113438.64,18707384.96,121044977.9,35279545.66,35110458.11,155122215.3,11349488.97,52708862.08,15930331.74,34497498.99,47986734.47,129068002.3,44621760.75,81757467.59,11420224.48,57231465.46,25337835.41,96351064.66,29506416.97,183643370.2,383269849.1,95446452.63,65475960.92,98331233.99,98142539.63,568042577.4,80755703.02,70753023.13,21440035.61,39049496.11,59396471.49,46457712.98,53170994.64,39266086.65,197461955.4,99444589.51,73160195.69,38132806.55,224917891.8,135253156.5,112808993.3,40915859.31,76071126.97,1214028623,112270320.5,178727314.8,70333487.52,311333008.9,97278498.11,90285890.8,91343041.13,cpd:C12621,,,
Norfenefrine,10794663.96,280397218.2,18073593.34,3579790.966,24019532.51,6989364.467,10722340.27,2465844.394,13291304.34,37284515.96,20138322.69,149457870.1,20935699.87,8728764.352,43511735.6,38131723.2,15881427.03,145712946.8,15733913.85,12635463.1,33871737.18,17473405.09,173488282,1165918.893,30162865.29,7625162.291,7464924.194,11610945.93,1560432.909,6611372.175,20872596.04,4552279.67,2135680.224,2374365.853,12290574.91,4418338.578,36341706.15,4712458.752,1035241.737,30466246.48,133483126.6,11809393.27,6824864.103,2061231.7,1881704.083,27928989.55,11055537.79,20404315.32,18565505.95,5241839.757,4837911.659,16346354.76,2051464.655,1862649.467,4857502.416,1997148.241,14396342.39,1332760.902,1915665.495,4130962.386,,HMDB0255737,Benzenoids,1-hydroxy-4-unsubstituted benzenoids
Neopterin,25781681.54,408805797.4,8901324.543,12567611.85,2380594.74,11893735.68,12805183.9,8807054.878,44688381.08,258877441.3,7777145.331,676320288.8,591959368.3,22001517.5,13214634.9,21451724.61,312612766.2,67854672.19,6517431.137,3224072.101,440075696.1,4314498.739,15975163.13,6592579.608,6173499.199,2462379791,12229879.49,4716113.651,25059957.92,29012241.87,11637927.96,7096024.295,22377381.26,32900538.05,3739917.848,19852757.2,10247786.5,35045582.9,4773882.974,39590431.85,17965497.79,1860332.252,3916887.108,9228120.073,9604405.763,113699575.6,3546910.29,5461871.087,4767676.513,40900950.89,7789749.46,4278809.258,4483028.158,3597224.251,4755288.635,9235415.81,11254137.85,5829765.17,3870981.383,3189173.123,cpd:C05926,HMDB0000845,Organoheterocyclic compounds,Pterins and derivatives
3-Hydroxyvaleric acid,2671003.718,7416188.131,4933856.976,1554209.202,6351519.689,2879956.935,2412022.097,4364861.172,10979658.18,3907203.45,10382406.03,2494823.16,4707784.565,2942530.744,2543843.564,2964866.216,2495277.535,6913940.114,13046051.13,8728863.904,3392011.073,4588137.869,12303834.39,8951212.522,3748431.152,8755564.306,12767007.55,4253834.248,1956867.815,14795601.65,3028856.971,4047601.518,9920651.596,56029187.71,9069649.379,4634086.495,7115755.465,143438344.2,28612999.77,3165115.213,3516193.168,30326008.88,20992584.83,7588349.902,2391997.22,3985676.996,11391958.15,24343248.16,16530840.21,12355017.65,4837689.613,6313396.286,24887660.54,7491414.846,6527650.307,11580814.72,12420701.13,2595401.344,3322088.488,78335089.16,,HMDB0000531,Lipids and lipid-like molecules,Fatty acids and conjugates
1-Methylhistidine,3174472.698,12874631.45,6391979.345,9910196.982,5100743.609,1656837.981,1764305.89,1203410.347,9291352.814,4639620.704,4494369.93,710654.4578,6762331.989,3303188.712,2606307.112,8605327.756,13017981.43,3481876.984,3654149.66,1110253.839,2529471.005,6600321.889,9484790.335,2037048.274,2376738.951,4052805.108,2017014.756,3091232.154,1080023.471,2699763.023,1012403.681,5111508.529,433080.854,4512152.9,3987661.088,612222.3021,1419448.008,1819110.583,745355.0158,4518284.561,1490886.496,11511891.88,1051170.146,768329.3783,1672325.404,660604.7914,1234797.784,2616952.628,6204434.055,1013087.662,1309159.05,1927822.951,2291578.501,1574306.827,918889.0432,4278736.508,4937228.123,4974394.808,3223001.018,2933786.187,cpd:C01152,HMDB0000001,Organic acids and derivatives,"Amino acids, peptides, and analogues"
Ureidosuccinic acid,27217328.1,21076472.56,38288713.72,5446797.604,11215750.64,7821922.715,23963751.27,25553315.51,7491035.004,14443945.89,9448387.973,6458422.953,7104678.076,16029184.43,20733462.87,12772437.52,52414319.65,6346229.726,9269944.08,10956632.86,56490024.68,7485225.072,12604350.47,6276702.767,3888320.624,14359985.84,9115831.878,6525331.171,8527839.504,15138554.86,9234461.672,14948207.91,10793079.56,5762388.716,4803574.957,2175881.399,2081798.916,4683973.404,3855892.42,16233405.33,4327005.911,24857370.23,4289228.03,4820432.688,7032113.162,5430037.993,2385070.634,3066930.944,30646348.56,5279095.309,11051854.19,27567962.98,23498985.19,2831907.35,10510908.88,5191273.793,9478920.975,8785375.875,4841742.575,104175911.5,cpd:C00438,HMDB0000828,Organic acids and derivatives,"Amino acids, peptides, and analogues"
Hypoglycin A,16755732.19,120709203.6,91652348.21,13386836.36,19754795.14,110282667.2,20439230.01,32709556.08,22185145.4,22190967.55,23687724.59,16998788.33,75611052.49,12696899.09,16729475.45,22401597.14,17062509.01,18222103.89,16142275.04,20421819.23,39282360.65,730939556.2,44849079.5,10330733.49,114219703.2,14756019.81,24366929.8,21640576.96,26114753.76,17010149.14,103002285.3,189470379.6,74231088.02,148368499.8,153516551.1,285048842.8,110062258.8,435597401.8,58517871.94,299672798.8,37630110.83,26251482.98,26518034.15,14986776.73,111068246.1,16158817.11,27116214.54,18025227.65,24687429.26,18863147.59,17894164.44,50104885.05,194348596.6,18093072.06,239526500.8,25584402.29,30414291.12,14450409.87,44905414.62,35697468.41,cpd:C08287,HMDB0029427,Organic acids and derivatives,"Amino acids, peptides, and analogues"
L-Asparagine,7435842.099,37352357.28,19659463.33,10864948.38,61392938.16,34126700.3,17147881.51,30458817.95,39237179.23,37242177.29,26229483.66,26144705.4,30745811.68,23028186.48,15934390.42,23429070.66,49353501.42,19685164.53,36125116.8,26356779.53,16199491.67,21584549.82,49199189.1,44459363.86,15855604.24,20685924.7,23809886.78,17189037.91,50949613.36,43116253.99,41337504.3,30578377.13,18870088.58,102735476,59293609.68,16458474.77,26599501.79,35229629.2,97943637.03,23530571.23,45632502.45,170788980.8,19856419.31,179483249,49486522.84,55230084.54,36859580.59,46140462.37,22737067.89,20997142.05,27125317.28,25802508.06,70270323.22,95618868.59,30218557.98,181086758.9,30649140.52,33973736.34,37724465.71,23472397.67,cpd:C00152,HMDB0000168,Organic acids and derivatives,"Amino acids, peptides, and analogues"
Biopterin,4999062.504,78766301.39,7552788.008,2406752.267,13883174.22,15617149.94,8334229.47,2609362.634,13019465.8,20057954.19,7058427.019,65520604.77,114092116.9,7454189.558,5548269.596,34876752.37,23329618.13,31081780.15,3994397.311,9131717.065,291341858.4,5026586.041,6260925.035,1367926.815,3803079.753,193182907,3484176.147,3335505.474,4717064.834,11714657.82,16164301.64,8552553.54,16888000.76,8225704.429,3700506.485,2326173.831,5459858.602,10398520.58,1345878.936,12939940.58,4515622.202,4979862.032,3110297.812,1505009.26,20957894.26,10285511.77,4162997.422,5398628.709,1339024.08,8768614.78,3652662.668,7758098.44,3503141.138,3569803.747,3441041.901,2905657.486,4122227.764,2224094.52,2888481.905,7631506.091,cpd:C06313,HMDB0000468,Organoheterocyclic compounds,Pterins and derivatives
N-Glycolylneuraminic acid,27347669.04,19136150.37,8413350.675,36083577.27,12036364.05,50705257.31,15030828.36,40037977.43,31163143.54,13191150.17,10044301.38,17500464.94,17234077.06,10854704.17,7341798.601,20151925.23,5834368.78,16871476.25,18293634.72,22454134.12,16791511.12,8973547.521,32650700.39,7291090.795,8288386.132,21083588.13,98750619.84,11213578.38,38114134.62,18654996.7,9337751.458,9086362.908,6522239.31,16457121.38,6482286.897,12442891.73,11311873.95,11013444.86,7593309.926,6875755.863,5408934.471,13342860.58,6093950.444,12924546.39,28851305.33,15462351.14,22438030.63,8747070.457,11804735.05,11907781.53,123153576.8,18795112.52,4864949.69,3622090.012,12860002.39,13854600.3,19090204.43,13487969.8,4560437.205,29780476.96,C03410,HMDB0000833,Organic oxygen compounds,Carbohydrates and carbohydrate conjugates
Cholecalciferol,54598003.14,109128482.8,118672702.6,74129908.15,78578727.07,95756991.2,53610473.48,65276321.21,60331899.19,36847248.73,108569415.7,35562122.4,99477165.47,25168593.13,61316840.59,8800126.48,30986792.66,48868842.62,55919686.48,226407427.4,48008917.43,14305603.05,28552734.04,145862694.2,36334742.23,25657617.64,9546425.864,81061524.07,49586106.01,57798231.96,51186781.9,63227740.94,24941928.84,16630876.52,134638551.2,41184967.93,59269032.35,48689565.96,147966806.1,11583142.19,40606717.54,19549533.67,27006991.29,25839724.99,41542146.31,32568420.01,98028297.06,24192561.67,34685100.56,49305592.93,33619192.14,11827428.01,17340458.23,17300418.55,45160791.38,28366601.02,13430652.21,30677253,12209640.63,60813669.58,cpd:C05443,HMDB0000876,Lipids and lipid-like molecules,Vitamin D and derivatives
N-Acetylphenylalanine,6671893.923,79120505.14,7191473.009,849139.3072,1128387.558,30234169.73,242870.8021,369300.23,3277539.278,2251342.259,887275.7997,836744.3031,12925889.56,661284.1313,1880298.76,9970718.376,1116500.81,40898323.16,4093167.168,376667.1192,2780027.4,734941.2333,41368298.8,21826299.92,1619060.119,13564161.09,3247105.13,599791.3038,1559156.32,25159483.1,813120.6733,289199.003,5098045.375,3740804.889,1003823.233,529536.1668,1591578.118,1405748.071,252145.3103,484543.077,13714952.13,1368530.756,35476607.25,251021.2947,8054905.438,817364.8222,696873.1334,2109708.072,162442.165,189130.8138,477630.0327,778839.7089,793760.6844,377544.2056,23864743.85,5133730.125,670929.6954,320527.0911,623984.7693,2350911.635,cpd:C03519,HMDB0255056,Organic acids and derivatives,"Amino acids, peptides, and analogues"
Uridine 5'-diphospho-D-glucose,1361612.956,1854172.187,1146781.145,2624898.622,1126200.41,949381.9289,1341919.126,3867476.654,1363063.447,1139578.362,1089665.925,1597313.02,1329407.58,927058.3235,1568654.141,1482377.649,1195055.922,1246775.963,692108.0691,9947941.821,2021892.446,1788411.118,2061154.455,671296.5495,11609600.81,914609.5423,1039401.97,1959785.712,1256277.657,1199049.068,1031539.327,1035464.979,1672383.746,687210.0272,1559462.494,1119132.499,1098706.864,1141622.369,514306.8539,1180059.197,1203052.527,1362157.777,707254.0799,621681.9995,778128.1872,1030503.169,868974.7489,899961.309,2078872.263,3582135.306,929652.8754,1018978.352,992697.321,848495.5291,1735156.664,920496.8295,1811817.091,2879680.012,1064522.36,971512.3581,C00029,,,
Nicotinic acid,2887334503,5324345339,1356368439,2356153383,4263647045,2581566775,3684122787,2576094364,5146143906,4957765322,3708211237,4126864282,6653583843,2870659323,1359056986,5615613783,1305501903,3784896457,4139653743,2962536031,1761250192,5578390334,4484238862,2188451416,2339777831,5581259964,1277796353,3172534752,820313344.2,1787638778,1844389733,2716625733,1590699618,3453200103,753510724.6,1516430376,1168584902,881492091,1437141872,2090244893,2954716965,2159966888,2077866516,3128966922,626783753.7,2888349444,3289855602,789087110.3,2616027644,2937290311,1033206277,3146283073,3671642513,3689755000,3225061500,3303402635,6379979203,2020013981,1537936747,1056833757,cpd:C00253,HMDB0001488,Organoheterocyclic compounds,Pyridinecarboxylic acids and derivatives
delta-Tocopherol,54332379.71,107931496.4,117241915.2,73810678.91,76787771.06,93580784.25,52788981.72,62176288.4,57939886.27,35696401.36,108823900.8,34689672.08,93570986.95,24569070.29,62254996.03,10080526.44,34003066.88,46694369.84,53635116.75,228549247.4,40773374.01,13987752.82,27539033.66,143352078.5,36637976.58,25403786.72,10045382.96,79412165.31,48449319.81,53407438.65,51891502.38,62415831.59,26312211,17488094.73,131574658.5,40835825.43,56215826.85,46119103.16,145018363.2,14770703.68,39392087.14,18007312.25,24706365.78,21880945.7,41912981.53,32010535.74,98742721.91,24939530.98,34616890.64,47680214.85,33303482.27,12822509.46,17568334.34,17347086.7,44616054.29,29550405.29,13867667.68,31086856.7,12776045,57760711.79,cpd:C14151,HMDB0002902,Lipids and lipid-like molecules,Quinone and hydroquinone lipids
Milbemectin A3,23069062.37,8121148.257,6034039.833,47069368.35,27087722.41,23883274.54,24117161.55,26669532.01,27934173.49,54632130.1,16911559.45,12239528.63,49497759.39,21662371.06,84341775.06,31773610.73,21697976.68,15023216.55,29040972.55,34774364.72,10874415.26,57828956.32,24475371.01,55004575.98,14313687.28,50948386.07,18933409.59,15710355.62,14867997.77,12116132.51,33661735.88,18823202.37,15924996.64,9282128.311,4697612.775,12245619.5,9951907.789,27532661.51,24204114.91,27191231.32,42880066,7137517.319,19011104.65,8961922.341,9378918.96,23381429.16,20934883.37,18918596.66,17602861.85,9671044.173,9458199.813,23448263.88,9822891.884,12878726.81,14784059.51,24379484.63,106587477,15779927.02,19247124.18,4760060.212,cpd:C18557,,,
4-Aminobenzoic acid,3324384.49,6493914.954,12759076.37,2950991.09,11208636.72,3868710.348,2150430.462,12582981.89,4104817.64,17442277.57,7027672.679,2063597.34,6360184.391,3674837.502,7469520.575,5961681.762,9640430.086,2989152.208,15426600.82,9472508.652,11245739.89,6590823.918,47585560.08,3773497.317,2720321.225,3901278.576,2597799.618,6667597.228,3292137.552,4676671.072,4335584.952,4488028.874,4588440.58,6756113.826,2384649.948,5738447.293,2806640.564,2247665.035,922161.7538,6489349.852,1885194.014,3332410.868,2732605.849,7583572.052,1609586.945,3495647.709,3292373.117,6256450.626,3386890.972,1595526.979,1477049.894,2958424.603,2270421.522,4078160.146,6237646.437,5478093.924,22074661.23,4314783.614,3720172.011,7102568.931,cpd:C00568,HMDB0304171,Benzenoids,Benzoic acids and derivatives
DL-Carnitine,1860578835,607594227.8,531524928.5,288328738.3,243589201.4,426117168.7,126738133.3,296484200.9,369790463.8,194171466.2,250702423.2,751914367.3,90208854.84,336485642.2,352938222,815345313.2,1161171652,128425484.3,348942186.6,281096724.7,96284001.34,58256795.67,604331112.5,180613765.9,2398968478,1691683900,3402929988,554820270.5,229925709.6,2625123028,439241965.1,85455834.53,141329288.7,88676186.27,1065715358,300377142.9,50618433.48,225561591.5,179357654.7,485334578.8,205500257.8,262605439.7,90038431.05,142193673.9,508786697,203277280.5,194794693.9,347063795.8,194082585.9,248308128.3,1146821478,251722205.4,282592651,149738832.5,241199122.2,143034577.3,246074924.5,588378234.3,335888448.2,250499343.2,C00487,HMDB0000062,Organic nitrogen compounds,Quaternary ammonium salts
L-Aspartic acid,683627195.4,328928757.5,285528069.5,357208502.8,435432262.3,363264011.6,475243331.2,150029751.5,300950592.2,185921565.2,313702541,856195790.8,252924844.8,387411308.7,631991364.4,439982011.4,403618765.4,531891683.8,166440050.3,442976299.1,555299167.5,298090716.3,452926676.7,210589717.5,877046647.1,324761004.8,687276215.8,460485676.4,76807949.87,625291386.6,742117286,361200829.8,258006009.7,57654583.3,566853578.4,316074248.2,116732660.3,144480047.9,21487562.87,387092357.8,188062799.4,363121826.7,188162626.9,101119638.7,171644201.8,190098300.6,112773010,244855539.4,585270379.3,374360600.2,601550002.2,472294617,103218867.7,384511161.6,548610744.3,73373096.65,498968105.8,186386362.8,162413517.5,316738525.3,cpd:C00049,HMDB0000191,Organic acids and derivatives,"Amino acids, peptides, and analogues"
3-Methylhistidine,19423702.69,8976457.62,10842746.92,56971725.06,159466062.2,86807305.39,12642358.65,31944875.1,27769000.62,7681144.044,18923720.24,10947897.15,7481216.698,39809476.47,6712634.622,30884574.64,51446136.59,20948159.71,107675433.6,16194584.69,7364821.023,5207808.874,34877818.88,128801865.3,4823191.207,60773051.04,83118208.1,12740558.62,10571942.39,98570117.92,4487398.955,15657882.86,11765017.07,13922463.12,6704256.963,7261062.122,11797870.85,7609075.952,9878270.696,96510614.23,4433603.765,8838200.617,2807543.506,3235083.713,37605311.12,8473829.409,4195022.51,48759521.85,27678570.33,14134563.85,22366592.43,20884889.62,52895798.99,5132837.969,4371702.221,47780443.26,8724287.775,38787090.08,18656218,11366317.05,cpd:C01152,HMDB0000479,Organic acids and derivatives,"Amino acids, peptides, and analogues"
INH,3564428.435,4444036.668,3891385.026,5425540.758,5551923.019,2589895.12,3960653.095,4221745.632,5135652.187,5113658.222,3999623.696,2443209.193,2508472.01,3527419.328,3558690.716,5599041.641,11331951.72,2800822.105,6787963.721,2223506.469,35006804.62,4062682.835,10664916.49,2189147.439,5068757.517,3256278.611,5402375.803,4949541.32,4223452.156,2385923.074,3642588.813,1567004.057,3151724.828,7123213.079,3148154.145,1651059.105,6583868.592,3453241.491,1721263.171,4859628.235,3532563.12,6139582.697,1597981.292,2397674.446,2353853.907,1899929.338,2663208.126,6340849.36,1509051.34,2620993.816,2730837.088,2612512.775,5100021.913,2116617.051,2345581.716,5467807.382,4207510.128,3947994.914,3247534.611,4453931.847,,HMDB0015086,Organoheterocyclic compounds,Pyridinecarboxylic acids and derivatives
LPA 16:0,294390.4507,789965.7416,787904.0079,297743.7189,430299.7845,253830.4711,364174.2407,219827.316,306466.5735,366712.3296,589761.8924,352640.5309,1019483.281,208915.3737,434102.012,284019.8826,433923.3028,685937.4784,558610.8502,230971.8589,767253.2624,428857.0724,804374.1483,253505.203,254024.743,2671246.211,454891.3228,451323.5234,214495.2262,304187.1559,467112.3468,669555.178,854356.3216,2592045.562,497034.6096,584739.8198,551259.1068,480950.9166,290507.1424,331851.8884,4693120.037,816617.7922,8129726.496,345199.5049,610116.6832,210813.5174,1298262.66,2422071.82,1948200.828,492432.3957,410027.5453,374896.6849,226166.7026,1108836.093,3440078.941,655147.1802,486013.2608,238548.5709,255649.8164,622874.0683,cpd:C00681,,,
"indole-5,6-quinone",2982745.516,3251063.019,4037381.266,2885678.92,3353978.797,3468801.793,1717107.603,4034048.921,5694477.215,5821130.694,4021966.781,3469153.797,4997293.762,4201374.789,1815906.9,2397168.637,4070033.195,3161583.13,7033716.869,3113571.573,5590037.142,3315026.255,4384004.737,1583051.433,4869011.773,5433652.65,4020440.29,7047459.2,2271940.764,3747508.942,9259815.028,5252058.336,12735358.73,5229972.789,6425886.319,3345577.919,9813338.095,8972116.685,2706393.48,2238234.276,5058825.075,6744860.668,5335975.916,5008933.188,2653347.16,4694442.367,7446316.418,3378693.24,3873921.138,4058814.96,4041935.599,3618316.91,6768397.852,5287036.566,3544020.876,6233869.294,3944613.245,2186156.568,3557705.728,13019895.75,cpd:C05579,HMDB0006779,Organoheterocyclic compounds,-
D-Phenylalanine,19235172.9,18022256.8,14656161.89,6487103.329,17153778.11,13426706.75,11245383.79,7074745.02,12009108.77,16860936.58,9947326.936,4682814.096,8187680.242,9231787.891,8951136.721,61441999.16,11333813.92,88575910.3,5257321.175,5980450.478,10715523.94,14669575.95,10461390.44,4129769.28,6714411.198,5574555.826,10238561.13,8562715.125,38124646.31,8320810.081,7947398.733,7541264.673,9040334.781,10846746.42,15062706.03,6017102.835,7699591.243,11943303.96,3184754.643,20877696.25,7737716.086,13476100.9,3868501.206,5389019.041,6030634.019,5639308.22,5123122.665,18871979,4974297.386,6043441.1,4571469.718,7251266.342,9155186.933,6778271.715,5290348.025,12641100.91,6938784.235,5644230.379,7472773.681,12477357.74,cpd:C02265,HMDB0250791,Organic acids and derivatives,"Amino acids, peptides, and analogues"
L-Glutamic acid,7422315514,17781827451,6739916541,5021331263,6923509708,2140995322,10191252679,5298031088,11481813415,9381544429,6224493667,15281448475,13553049018,6494861058,11337843980,10581406397,10101874519,10303852049,1079590958,8763174783,14473130343,7344323239,14862245332,3716962937,13891355953,4352470863,3822709801,6178961128,7822580411,7258327823,7071787757,7412868843,7317748961,1961241033,8529210504,6646057301,7537139715,4061542169,844346272,8275225154,9232862477,12359122503,3393610826,2274484066,2655683752,8460264209,7452349089,6027896180,7936531392,7879142126,4259655084,6409215505,3108513037,1860837737,6041059275,1995493514,15517686783,1211790843,5399748236,8537396912,cpd:C00025,HMDB0000148,Organic acids and derivatives,"Amino acids, peptides, and analogues"
5-Hydroxymethyluracil,499627.8503,2797149.968,957944.6641,506474.8393,1727804.979,695384.1701,907434.2412,498159.4345,2010857.727,1847327.535,1322348.831,4842423.455,1834801.703,690617.0921,1440264.487,1009624.252,1244222.852,1371411.663,1040306.689,959946.8107,1397052.676,1542060.051,3085472.108,575303.9492,1292136.718,1102780.125,943066.5383,1104745.517,1001508.24,1235150.477,1886546.926,1361559.281,2312692.719,2187379.175,3313026.253,1409284.369,2356330.563,1016306.626,1716112.148,4857635.132,1792829.34,2681748.682,1420564.652,1161350.368,705457.4179,1055002.427,2213631.998,2151594.685,1635053.227,788046.4193,813269.3988,1246091.815,3066993.608,2595674.482,1152276.804,1990813.623,2249761.029,496866.2886,823842.2204,1565571.925,cpd:C03088,HMDB0000469,Organoheterocyclic compounds,Pyrimidines and pyrimidine derivatives
Nicotinuric Acid,6062395.255,4387215.41,10186719.43,4999494.017,7858589.401,5614036.657,3145362.31,13775238.53,11362481.92,6582989.949,6109461.586,3743987.303,8270324.315,6641187.359,5662089.58,9683011.135,8048296.097,4782150.183,4294741.848,3721222.024,9107885.826,46307339.34,7909200.081,3580599.542,6619508.372,2661323.705,17176595,4622187.494,7103038.446,3475899.689,3704084.993,5293303.803,3919947.708,10997343.73,3655268.382,5667375.051,5228314.109,10732594.24,3504706.334,8356316.716,4741891.291,5207316.027,4280059.144,3729392.97,11310431.58,5351039.313,3160070.695,5423583.041,3078689.651,4725487.302,2673016.422,2766784.37,5224986.432,3332618.738,5053194.542,6566015.391,8534170.488,4021758.143,2696717.586,4078232.731,cpd:C05380,HMDB0003269,Organic acids and derivatives,"Amino acids, peptides, and analogues"
Glycine anhydride,3322300.717,21503186.37,10164823.56,6982441.671,59033619.05,19097926.63,9816384.823,22106699.4,17117117.52,24436899.33,15733746.38,21212646.93,20221149.85,11206814.68,7158517.87,14624055.04,46281391.18,7668439.303,22489729.91,7357908.34,10041092.77,11998920.75,30049137.94,34657870.34,9558582.362,12670123.65,15795623.96,6403215.399,45443136.52,25396794.47,24603896.12,14452067.9,12356579.8,86226214.67,55898138.27,6470586.071,13726688.78,29196109.54,87487976.81,11726975.38,26439708.12,156698393.6,10858633.04,167191845.5,46858340.99,29816570.85,23854045.32,35174587.3,12112872.03,13350541.93,18884928.51,11749527.88,40303179.06,68025699.82,17807664.31,151849986.6,14870938.03,20853444.36,13220474.84,12633999.33,cpd:C02777,,,
Ergocalciferol,1759757.06,3178207.037,4483767.459,1451311.758,2853666.076,4746181.578,427130.8653,2106341.786,2521176.122,4201134.059,2260534.088,6264724.756,7995998.702,460823.0924,1691734.649,1245600.144,1552089.357,806875.0368,3068558.105,1846345.2,3615201.156,933212.7051,1181784.715,1562344.625,2516163.18,2390400.606,1345014.274,644384.1212,317830.9784,1787038.243,4781647.217,1459559.544,1660899.342,3508899.559,3880926.619,1643466.893,1031121.23,923547.2745,1217973.83,774440.5712,571885.5611,790605.2103,866884.3884,342394.8975,1646240.142,920991.3668,3074596.116,2583678.66,2515714.771,854449.8587,1007306.176,593980.4222,266119.4905,594925.5923,1322167.993,2644760.751,484195.5526,781076.3365,1356998.901,1485297.604,cpd:C05441,HMDB0000900,Lipids and lipid-like molecules,Vitamin D and derivatives
trans-4-Hydroxy-L-proline,124768378,182587905.9,109696111.9,189407593.2,120432300,132884959.5,172261401.8,190627005.9,138701785.4,157273916.6,134303888,127745160.6,126447922.5,123965549,153809158.4,318182292.7,162275867.6,91623473.12,99966288.93,134011870.7,100398914.2,175483930,865504662.9,73638027.36,201046416.4,63614254.75,837524289.2,218828943.4,833553733.8,313656643.4,83288555.08,160805854.3,121019848.9,86404478.29,170676086.6,87067127.46,87283446.1,53017587.68,43574784.8,197251032.2,103698538.2,152291349,49376567.03,66656644.37,600497784.5,139502582.8,79646585.89,110471203.5,134864413.3,74059877.02,665481748.2,282891466.3,130305084.9,114834457.2,139642555.3,131545901.1,174918595.6,136445062.2,127422235.1,64602966.91,cpd:C01157,HMDB0000725,Organic acids and derivatives,"Amino acids, peptides, and analogues"
DL-Citrulline,6456631.126,8493374.966,2931064.368,362379.9144,5634788.824,1715424.59,3688564.5,432157.1583,2865150.142,4840070.708,8419845.963,19579426.56,890540.2587,1843953.188,19742377.98,779714.2881,1416220.014,3852999.386,602454.6875,5474971.392,8050919.906,7525598.385,1486749.472,1246488.247,16727122.84,1856472.172,664792.5971,12744530.46,3143690.824,5011909.878,667260.193,5947321.127,19093583.03,361777.1172,17618777.65,2880940.732,2259008.287,1458016.526,229616.4358,2722774.282,3186946.992,710417.4776,3763412.509,458545.4365,382090.2604,3089972.368,617065.6127,1567437.574,33727287.64,392375.6379,545039.329,1750129.946,2104992.946,8638843.959,2955559.492,451116.6726,1189240.783,288495.1606,682321.2361,594525.0911,cpd:C00327,HMDB0250742,Organic acids and derivatives,"Amino acids, peptides, and analogues"
Indole,276938643.2,41725340.68,191930613.9,72906200.56,272141939.1,13949087.1,68384132.84,6198588.052,232729057.7,475587131.6,58352978.67,71751749.61,265966368.2,198470012.2,266363838.4,67221712.68,341215737.6,32394421.27,6660171.299,4104229.417,60730095.09,75261403.68,10654233.38,129043957.3,9686302.187,13186605.99,11191955.93,216610287.2,63554173.6,128514340.4,186104314.5,86051296.64,1192139270,154061622.2,660021763,151311763.2,98242294.93,444815779.3,189368283.7,409081642.5,110011012.8,194373430.6,160862763.3,451374740.1,40282828.84,161139001.6,65845945.32,151990908.6,156962923.7,55133431.08,74860830.58,69384882,1110317834,124796820.5,11641402.6,64605262.76,89485086.6,330211584.9,445578356,49011708.37,cpd:C00463,HMDB0000738,Organoheterocyclic compounds,Indoles
NNK,16557832.13,12785467.53,61707199.32,21631694.51,20147688.36,19130330.4,21422460.46,24596709.14,25315676.31,26911066.09,18056883.41,24170244.4,11989557.64,19388856.72,20052254.61,39492484.33,20469314.83,17433327.36,23001219.23,11774755.16,17797736.88,34438226.16,9426698.675,22797829.14,13607119.02,20400245.74,7694833.488,28154681.77,10112347.65,14061596.47,37038765.41,23492729.69,15519768.33,38380404.9,29968312.49,71016672.47,34874967.64,15549364.41,19122123.84,19738558.66,16039720.47,26582042.26,67712471.94,50850027.28,9154828.964,10667717.84,52253939.81,40659275.37,37374434.67,22902638.41,9438152.28,14592588.83,38918267.36,47447391.23,13922429.44,74274640.46,52115687.5,22630050.23,26205155.28,18263285.21,cpd:C16453,HMDB0011603,Organic oxygen compounds,Carbonyl compounds
Kasugamycin,4952079.01,31686846.42,2172138.834,6360679.164,2205223.486,327976261,4007059.612,7989075.039,5632655.188,121535347.4,3033457.807,2734379.689,6846054.021,4078751.948,2772189.714,3754182.431,2960881.928,14467993.36,3536043.002,7156394.17,2633173.582,6094435.51,18003245.89,4013951.373,12965993.97,2461034.285,16133412.45,11496963.57,6005295.702,2790957.331,2884830.178,2745908.157,2877550.757,2067999.054,855211.6405,1937355.183,2851165.498,3237885.115,13763530.18,3883228.192,2591222.889,3593292.309,4601222.22,13549452.83,6357016.342,3157751.958,3601570.877,4708144.661,2179102.131,1475394.835,5813848.127,5551692.189,3076197.452,4394253.118,5354412.108,3375368.221,4935662.762,5078945.813,7768608.79,2485969.935,cpd:C17968,,,
2-Hydroxy-6-Aminopurine,19372254.82,8739621.809,14352386.75,89028867.61,16551886.8,30862382.94,89379129.2,39152699.98,12820778.39,36497947.38,18651379.02,55938804.49,24726770.59,70828737.95,37107304.03,61175137.12,4018715.567,109531240,37824050.38,44877075.78,53125479.79,8729640.668,24851286.92,53256767.53,111881398.3,116257099.7,12420453.87,130202891.2,72025817.87,24952133.66,107012058.1,13574169.38,998454.2868,23336360.2,2179352.22,10106841.89,25438932.29,36724019.3,8743730.835,14591980.38,13239105.98,29793688.5,22189497.86,161400649.2,9908142.299,17068127.73,29390057.01,1702849.232,118402298.9,147868525.1,12995578.39,12584172.8,3115611.522,3218978.624,116115655.2,56259092.99,69163728.76,21909946.64,1598212.908,8006667.539,,HMDB0000403,Organoheterocyclic compounds,Purines and purine derivatives
Propionylcarnitine,915126.7558,969987.8977,3549767.344,582285.92,545415.4669,5727642.954,925863.2263,1206675.841,664593.338,644021.7872,680525.6297,1064655.715,592087.7928,555821.5092,991785.8138,789974.1492,802730.4793,646671.8323,512542.9967,959845.239,923180.0049,678442.6339,612650.6691,352455.4012,2178646.274,735026.6257,18925238.77,530534.424,15583736.94,1424406.245,958350.6201,662139.0257,429432.1382,577428.2917,1308935.973,470081.9124,868799.6931,338440.2853,649063.1098,830742.402,757194.5298,733222.9849,351628.5308,346323.8846,1341822.535,660563.3214,484779.5198,401938.3337,984795.0436,439321.2393,4180052.373,588647.1934,772777.1138,960291.897,504788.9068,617993.3469,1376726.006,445086.2975,443948.3242,915090.6029,cpd:C03017,HMDB0000824,Lipids and lipid-like molecules,Fatty acid esters
13(S)-HOTrE,149621263.7,667838647.1,31466386.49,55721873.55,80290320.5,101890614,218121928.3,140611276.3,106343043.9,158079226,120197094.4,101319103.1,565709470.7,147569001.1,125803439.9,99735416.05,101378640,204110414.1,179964475,475463308,141157397.3,1148127713,436012376.6,131857259.4,139442617.1,59003524.44,211893522.8,98183338.64,348270467.7,380635021.7,132720690.7,150576611.7,220945449.7,84895136.72,144997356.8,70893265.24,105574770.3,35712003.56,53327760.7,242755640.7,98776382.19,842750213.2,68573600.03,118659780.4,68173014.16,72071993.23,44873153.56,175923108.2,101595791,40592135.98,123323344.9,203833424,62293653.49,96958205.93,159573693.9,82306878.31,180144471.3,537479566.2,83526971.93,70776638.96,cpd:C16316,,,
Asparagine,59853690.12,12725139.63,13663363.21,41882239.04,59903699.51,29006869.11,26429037.58,14513361.95,17250592.12,13872994.5,36176335.19,35317249.45,22052343.2,27409203.98,24840954.3,42512114.84,21260986.67,43796867.77,35503338.18,19616942.43,41933957.48,19527867.47,21989721.04,16261477.75,157146584.7,14836835.33,30337100.44,44768878.88,16789835.12,20921315.16,40445957.67,21001035.3,25539153.77,19908279.51,33749212,11269371.3,19963703.61,10624425.67,9226543.75,19908787.16,12344832.23,39958987.89,26788551.46,20816696.3,14291809.06,8922766.254,11308068.66,9331770.589,24589862.64,34778497.96,16581214.93,92876634.94,8479029.059,28687178.44,20079120.22,9223224.818,44608660.68,18959578.18,16779885.97,55655525.87,cpd:C16438,HMDB0251512,Organic acids and derivatives,"Amino acids, peptides, and analogues"
Acetophenone,321465496.9,572676010.8,650145072.9,922790152.4,675433706.4,511473375.1,359605311.3,522301010.9,419307412.1,398478468.1,547901491.3,275502129.6,769645370.1,3611386944,293715501.5,305680415.6,429917643.8,263603648.6,385387711.5,341197327.4,411426647.8,322343821.4,1931349302,792700347.8,9332860397,279406895.2,3952000513,3931268305,184546902.6,4420650408,875429272.3,2057092879,512778219.4,2568978929,17531536592,2959643559,411201593.5,312750916.4,1746770360,495050134.5,676336867.8,438104339.6,261849308.3,340821060.3,25205195832,5929944669,395436421.5,4663028959,570624213.2,313707310.2,5054592607,642710501.4,1313752413,1990473882,308995603.9,2667263728,869340114.7,1340865860,2625256418,637091895.6,cpd:C07113,HMDB0033910,Organic oxygen compounds,Carbonyl compounds
2'-Deoxyguanosine,32492647.55,8745961.212,8714064.289,89131995.15,30001915.76,80000088.94,60708230.37,10460372.58,28074971.33,30463610.74,38084594.44,84399806.36,59689465.57,40408253.34,220192318.4,62730065.66,19776380.81,59583274.77,52553495.1,78876874.64,75471445.57,72495343.48,12327891.71,72832733.74,416523054.2,61224577.07,12761384.82,205095255.1,58028956.46,20954843.51,19862063.77,29022026.3,2765441.474,69187993.61,23466853.27,11361601.67,29134001.66,40077140.35,17659329.15,12330433.45,14035363.28,64053543,19640654.68,149808277,5732561.019,22221399.74,17899901.32,6724800.295,96877783.06,55001227.66,14769945.06,69652267.89,13162369.82,40721204.1,124536902.8,145538348.7,19009160.46,67783011.17,17367709.25,12731624.43,cpd:C00330,HMDB0000085,"Nucleosides, nucleotides, and analogues",Purine 2'-deoxyribonucleosides
Biliverdin,95991794.57,82481248.93,32686397.94,90075152.28,30428948.41,76137688.04,49189357.54,272224944.7,26509633.23,39732862.87,80426637.52,15442496.62,35606506.21,76116572.27,48134970.26,43312079.46,14123055.04,55463267.54,40452073.67,486118722.9,58680768.76,37918614.12,248597574.1,56272547.07,13420234.08,52551520.18,920298267.4,119689030.9,165832923.6,84370716.85,48218672.78,27892510.85,10501054.04,45889002.71,55678054.7,64321689.54,24612670.24,9301502.056,27457063.73,42562449.77,36199481.05,26778431.92,21466587.72,19706365.27,46060563.1,44540450.44,52856818.6,86912940.87,52154047.33,101021590.7,238396584.4,70080141.03,27679380.59,26979992.88,51188822.77,52928130.68,66756025.49,75001078.44,27350875.32,40885394.33,cpd:C00500,HMDB0001008,Organoheterocyclic compounds,Bilirubins
Naringenin,864018.0574,2843489.162,1706261.271,4154580.402,3605921.92,1609736.012,2863454.677,24939426.54,10872158.68,1529428.643,1561907.794,2482890.929,1057480.738,2310362.329,5014047.424,944936.0035,1263180.59,15015618.65,679858.7846,870759.149,4429203.782,1924026.664,1511364.618,16620184.26,798466.6546,964525.8518,267137346.3,1437310.17,589983827.3,99516769.46,58747533.91,2147305.678,66002937.65,1286715.409,1636460.375,993879.9522,33707041.65,3119816.031,20151933.23,1085255.625,706640.1132,7948424.639,47550925.16,42849523.25,192996803.8,1476853.415,2401174.722,3916565.741,723252.2152,2962442.545,178518442.3,33636078.74,49814765.93,443747277.3,30831870.31,1692282.267,7562098.378,1605237.7,80086991.49,42418322.46,cpd:C00509,HMDB0002670,Phenylpropanoids and polyketides,Flavans
5-Hydroxytryptophan,34958056.21,6823322.814,8636446.708,5666736.626,7357064.873,914124.3782,4370159.277,1017407.035,15593223.92,15910246.96,4273612.505,1785326.663,5198903.793,7240976.289,1347790.137,20479689.46,13377599.62,2460614.355,9064070.032,3039014,5228201.64,1877045.921,4497448.818,1079760.308,1683891.781,2362996.299,1520029.707,3423788.982,1543097.116,5584339.571,927714.3751,1859903.986,2837564.324,5401460.922,6446328.548,880356.0515,1256243.738,5180659.825,772383.1895,10608618.62,1924428.67,12804883.57,1142908.848,1030011.818,1028207.684,1536546.347,1596231.383,11062710.06,1327768.483,1728566.34,883906.7635,4844194.713,2775315.255,1680911.873,1055919.568,2397953.811,5673234.671,10801782.37,7861233.79,3653322.251,cpd:C01017,HMDB0000472,Organoheterocyclic compounds,Tryptamines and derivatives
2'-Deoxyguanosine 5'-monophosphate (dGMP),370609.7614,965942.9194,441835.8672,659188.6269,809848.2579,706402.0091,527924.7806,407525.6322,545643.2891,1200713.001,739992.3099,436231.1571,614230.9886,5221258.229,304516.0017,3029328.851,2918057.749,667327.1182,780384.785,287319.4778,2251940.406,734947.5082,899551.757,2383710.549,521209.9033,620666.2003,1168540.886,1942562.798,349728.0415,705168.0057,601439.3122,4246039.139,2528748.933,7751294.399,1426202.974,319182.1005,1630866.253,679005.879,1135783.957,607522.611,595341.704,1405700.505,5903074.649,1412561.095,2543600.454,440534.9563,634338.5905,900224.6337,1384567.616,633808.2324,771458.9726,630787.8647,1328422.522,993715.3094,608735.6906,2286498.944,749959.6752,6421364.714,720381.9922,2446701.759,cpd:C00362,,,
Ala-Leu,15436496.44,8180749.088,24587738.8,30418357.97,61446213.63,54938353.27,27984587.72,92682504.89,14294092.34,12216348.77,51286334.79,61745524.55,10474943.58,20619174.16,24313889.32,12228898.86,1673420.692,51394793.48,79515907.78,77144907.99,2269534.952,24691064.95,18473166.87,69281494.3,16376971.55,34389586.57,29274946.99,41148681.4,26196983.71,22266217.2,71465255.13,48490757.68,25826209.25,189138362.2,110725353.1,30341457.71,65224629.58,16826857.99,208133395.5,10525823.66,12278207.09,43179294.72,267455054.1,897259735.1,13809833.71,11327254.87,24330639.53,12364744.92,23932514.94,52619784.58,21009607.44,92582423.6,40032449.75,243994743.2,36859997.73,63671678.58,55434088.23,50299023.94,29767144.82,57038306.41,,HMDB0251509,Organic acids and derivatives,"Amino acids, peptides, and analogues"
Isobutyryl carnitine,48171723.67,38933744.9,39739866.29,21041499.4,40753686.29,30769862.58,43120356.41,27453708.97,92457849.39,82115503.88,32546192.02,55312256.43,79370308.38,36226380.5,69145784.05,23425141.98,98513424.83,52548507.77,62758215.69,26462184.88,91231862.03,111852753.7,140386168.9,43031480.26,114222716.3,167839150.2,30269872.43,28578323.24,20687447.98,35143508.15,70053195.25,73413053.08,51981061.03,73104869.72,106132990.5,56284126.87,314716517.7,115455626.5,42004976.82,53037844.5,301860503.3,95904852.91,44302247.24,34221223.43,28162933.38,128055279.8,61645694.92,50143451.58,119864910.4,19521632.55,21380775.5,54736152.85,60880329.97,79589203.64,157632378,105743945.6,70958863.43,36968353.26,65555893.64,83055029.06,,HMDB0000736,,
Minocycline,1486523.444,1727302.744,1067955.882,48424531.52,2655389.171,4994929.678,19184046.13,7679641.928,1849759.139,37161649.87,3032844.512,2300945.152,1010800.386,4035948.266,1493390.057,1457337.3,23303548.45,923938.8658,4496012.033,597246.5275,1427071.076,1175819.575,1774769.312,5298974.054,3443603.85,1075188.989,10683291.25,17214250.23,6571881.558,6713790.928,1118072.976,666583.0753,3737845.608,975799.8209,1478456.01,703104.0685,1272933.93,584225.8104,648539.7506,1315222.048,1113395.002,1517940.245,1069319.965,3473070.672,2219406.324,1056352.724,13181592.76,4233295.246,1317966.437,1116396.68,5320786.431,14247053.33,6795980.821,733874.9316,809341.2101,7911392.692,1787249.53,11023339.05,7573580.938,1748751.795,cpd:C07225,HMDB0015152,Phenylpropanoids and polyketides,-
myricetin 3-O-beta-D-galactopyranoside,42005.69223,137954.1636,98582.95953,64689.93688,133488.94,55680.65314,62305.84775,48543.4079,78290.7619,72100.01743,132708.4837,69691.3247,182807.9058,61017.08745,55887.05481,75550.46032,37192.93035,92055.30444,160257.9533,57143.52322,100805.4514,93087.98817,103038.8292,49525.54648,105517.6921,57211.63878,88843.18686,103457.9934,46664.81228,278586.1219,60989.73496,82533.69933,157102.8671,308593.6123,112644.7584,60133.43833,116833.5637,1557016.698,881175.3456,42010.70348,65964.54341,649145.6639,468582.2595,1340571.027,56153.92062,34658.82719,88333.94319,127710.4477,74462.59918,160014.2599,64042.17581,82705.33062,122303.163,100796.5352,52143.19656,234275.4852,413370.5176,183911.1146,43263.56528,123419.1445,,HMDB0034358,Phenylpropanoids and polyketides,Flavonoid glycosides
PC (18:3e/6:0),3348390.35,15302315.75,10078292.25,7013821.499,4435582.933,1561985.351,3815186.187,1506166.751,8622494.376,16344904.05,4708011.208,3886346.702,6996759.32,8202438.373,6542270.903,6020376.013,17068926.27,4017242.219,4575530.517,2689784.674,9770530.582,2838830.382,2218522.606,1737641.162,1467110.989,4355676.491,2799604.051,8114228.532,2074310.422,1472297.217,3457656.651,13934525.28,4604302.376,13980616.12,4920592.163,63579208.49,8421945.632,7311933.063,5623159.711,9515050.014,19861901.66,3718511.558,19271976.73,3943283.687,1915063.011,5412269.857,8325849.499,6902657.989,3006610.654,2812603.149,2193759.315,7334690.745,13207016.58,38838064.1,3467014.601,6594734.3,10232061.97,1970363.008,6197287.662,8738109.671,C04317,,,
5-Hydroxylysine,4326638.915,2972258.473,3532659.796,244591970.6,5158377.195,58555596.61,36979204.77,67747998.42,4028863.694,69517107.44,4726008.539,30939729.07,4062340.523,10858011.24,264918835.2,3438330.834,33322379.6,14037332.19,26723495.05,1415907.317,2437344.466,12472882.47,2859019.884,1572406.401,5388246.481,2004296.325,16376113.9,88203148.48,9356597.409,408145074.2,1916134.325,7306719.508,3413251.185,4822754.554,3608503.721,1585860.276,31035877.8,2285133.953,1210646.043,3404268.893,2161339.774,2684155.655,2178360.713,3153888.119,54578424.39,1745077.349,14505367.83,4218197.239,13043047.26,3338512.991,11355412.07,75211286.41,18719037.82,4289088.308,5176648.869,7510564.566,14253379.76,10664279.33,4856082.854,5876947.809,cpd:C16741,HMDB0000450,Organic acids and derivatives,"Amino acids, peptides, and analogues"
Bicine,2145307.965,5867816.682,2987015.982,2041136.192,3309833.035,1815542.998,1679902.984,2900601.557,5590462.271,2165827.503,1458869.069,6014976.369,5834616.8,4327703.471,2968117.213,1946458.78,88251891.71,1985053.866,2802199.932,1919556.796,3530820.942,3017834.119,16716631.65,1968000.607,2640573.953,1584176.245,1692728.863,3619554.459,1091923.912,1057902.436,1514741.421,1131920.089,4310675.338,2583443.107,4957843.179,1423079.77,2338803.594,4020341.004,1322335.396,1733583.404,1648935.443,2225760.19,1498188.606,1163023.983,746760.4385,1691896.081,3128602.346,3087707.127,1761644.005,1871647.288,1356703.149,1587402.415,2179636.552,3560475.267,1578756.779,3255235.407,3905336.178,2061302.151,1711342.399,3937338.885,,HMDB0011727,Organic acids and derivatives,"Amino acids, peptides, and analogues"
3-N-Methyl-L-histidine,10950621.79,9558110.984,59596636.89,11999458.7,16201097.77,10966093.38,18748060.27,22091262.36,20408852.21,22202753.58,13736251.74,20322465.33,8875238.137,9733054.827,11504664.3,29015145.2,16845142.02,13062830.47,20959997.8,6787097.155,13978215.83,25366181.91,6731513.317,14863632.19,4604908.041,16672581.18,2592129.066,12672987.75,5357000.694,10802362.93,28610455.96,19213831.34,11082415,29300656.7,9580980.312,12513600.63,29431697.64,9842778.119,12328051.69,15703222.94,12740693.02,20563482.04,60558295.29,48726257.13,5952025.931,6907517.934,21960255.59,62253715.31,6753699.156,17005524.43,4151539.538,15569814.92,36788208.44,43580522.91,9771381.213,64850158.22,54200193.79,16251228.22,22370561.02,18155782.04,cpd:C01152,HMDB0000479,Organic acids and derivatives,"Amino acids, peptides, and analogues"
Tyramine,13468826.62,25934001.22,12144439.87,79781752.94,39149439.55,29061789.69,11829755.28,13473819.73,17795923.03,17585336.72,26748849.17,5821219.204,47604162.88,393201152.8,7663450.563,5535228.327,19718367.69,5972710.799,16643288.21,5972113.678,12001163.53,3970865.492,232829550.1,75265448.61,1183726278,7882199.296,478397850.6,479134028.2,4465932.402,552749115.1,106986263.4,244299625.6,5412132.135,294990411.2,3120152765,364877481.7,11729723.68,11691267.31,220994361,25472026.06,39553554.71,7945036.134,4793706.605,11265408.48,3206925046,743883473,8465023.821,572479513.1,74954826.89,7093698.094,599541437.2,39924029.03,119144298.6,638119377.3,6011389.196,312011224.7,99304316.1,138417410.2,312864917.9,17549398.93,cpd:C00483,HMDB0000306,Benzenoids,Phenethylamines
Cytidine-5'-monophosphate,361148.3355,1022063.729,935728.3132,936191.6818,1260863.863,2857121.036,924065.1791,4055200.629,477315.4127,438812.3131,598069.157,605196.52,669567.139,2748529.453,351741.8642,4869687.142,428307.905,720953.5797,3112297.169,2956216.775,1252736.651,1127154.014,3150692.156,6996950.219,918391.5171,547284.3839,1298668.505,485865.0533,940546.6985,616920.3576,1882806.069,3371106.336,3135859.023,17862845.17,993333.8235,1357839.699,1304169.179,720836.7292,18185168.7,482818.6763,455319.8016,4252707.83,47008616.19,13367158.02,1512369.751,346607.3128,2792259.95,2741254.477,651748.7027,2857783.493,887310.5745,759516.0015,652246.8165,4570024.553,628352.0882,3935115.222,1016368.167,2622690.558,513986.061,1889594.205,cpd:C00055,HMDB0000095,"Nucleosides, nucleotides, and analogues",Pyrimidine ribonucleotides
Docosatrienoic acid,8617258.677,26725860.52,15809965.05,34560557.17,4515983.842,10885120.46,30202960.27,7017410.073,51783675,5022412.391,23565407.55,6123173.873,10772516.6,7521657.726,22739300.7,7564008.849,8407487.449,7462868.898,10252322.06,30039946.32,21532428.15,5855259.399,5709545.534,51004544.17,2348923.053,9469066.932,28022863.49,24155073.37,2019670.125,30942766.19,31974206.79,6146211.833,9138621.839,4450208.081,11340680.24,9375388.465,8247016.457,2837906.946,7890903.576,11414198.42,5100570.831,3680499.428,6461319.778,2128362.125,8969259.041,7703019.092,7905595.123,7778020.779,3202110.783,15029812.09,8534409.46,13058732.86,2638069.316,7426437.461,56010803.1,10928937.63,12136036.77,5080613.148,18747095.45,6049063.688,,HMDB0002823,Lipids and lipid-like molecules,Fatty acids and conjugates
L-Ascorbic acid 2-sulfate,1312957.307,1467270.313,1374933.007,2638744.398,6789147.512,3186419.705,1820072.823,4589196.086,1729759.475,808008.0318,3135731.186,2366947.087,3323857.924,610636.8326,8434020.475,6780750.562,1761272.536,3068706.924,2275260.083,20332906.74,1227241.043,819420.0868,15957370.2,661392.8753,9089032.329,2669656.069,20008703.13,1125156.771,9353143.468,7868829.502,97444830.96,4050773.458,3570939.538,54081225.7,1397579.943,127411986.1,6642215.782,853540.4248,1090510.317,46657361.38,1545740.255,3707405.384,2308537.142,820733.0227,10184871.35,796372.5687,2471277.706,3765889.071,1133686.778,3462635.354,10161915.61,8007886.247,43647849.7,11834920.9,18423375.82,5882782.629,5906517.626,909908.06,13288886.65,11331010.3,,HMDB0060649,Organoheterocyclic compounds,Furanones
D-α-Hydroxyglutaric acid,249639735.2,1775271179,553615985.1,124676277.4,163683214.8,175939911.8,712968527.2,192863799.6,578821418.8,333794841.1,427813023.1,1538032150,678220346.7,194114031,149531874.5,126474366.3,142422063.2,896617119.3,548283247.4,473981169.2,592719395.6,1001444494,1729674607,108121690.7,181242765.4,187634373.4,6820832054,84041478.75,440142201.4,4307977035,34571296.81,239575612.1,165250818.8,142175355.8,688124523.6,449266432.8,50082891.59,50765569.58,47418003.44,52431114.39,239251478.9,307446040.5,117966049,91550724.6,2599086772,60239610.64,290433938.3,734720691.5,401622692.1,314590634.2,3031654988,463808657.3,374887223.3,31264013.29,808483354.9,206188861.3,957936820,696674739.8,273468719.1,101805818.4,cpd:C01087,HMDB0000606,,
Kynurenic acid,63945125.29,209816918.1,103011229.4,119505415.8,370422966.6,60943562.26,156779012.5,77567562.37,239738298.1,130653470.4,114559480.1,590815077.1,462671618,95449472.87,70191646.76,67859110.54,122165580.1,142617224.3,120530929.2,45652899.72,191600057.3,215528029.2,128689474.8,91788628.16,238334075.7,181302320.5,110084029.4,234797959.2,32179591.68,142251833,8510649.051,94005696.52,45708775,124867462.4,42896168.11,120335544.7,129382410.8,99977362.43,39144883.68,159998128.6,160545829.7,252823879.9,69960551.24,33744075.24,56065602.09,132243219.9,195791393.3,151039184,135784417.5,53537181.27,79511760.91,98718509.41,84952361.64,143272748,84966277.53,79549753.11,303315786.5,87263533.65,16516980.27,263350358.5,cpd:C01717,HMDB0000715,Organoheterocyclic compounds,Quinoline carboxylic acids
3-Hydroxypicolinic acid,113921508.1,19157822.9,18326627.77,14750969.6,25340575.66,26842528.11,14989128.75,9207826.246,14899602.21,33970288.62,21926768.11,31341483.49,33040200.38,20211416.63,17886551.66,6906521.09,5099340.669,16150434.88,10638934.47,11380299.22,11682403.12,10261694.51,31123150.21,11944107.43,6284188.722,89033792.58,10744942.65,8014549.443,4486785.036,18847500.15,9409399.63,9233024.404,3112570.871,67153393.13,362789720.6,22639274.65,7608787.142,46523944.2,118225765.1,11036279.67,13869339.24,53180260.65,9875358.652,46388728.1,7263130.874,43722323.48,108921868.7,21105760.94,61506941.26,11930385.73,9328419.642,43208170.25,344648396.7,41068121.98,33101765.42,48818222.26,10366140.04,6055823.97,280948495.6,14793113.95,cpd:C18620,HMDB0013188,Organoheterocyclic compounds,Pyridinecarboxylic acids and derivatives
Azilsartan,2020849.689,3240893.326,3958753.753,2960872.976,2677919.626,2673742.369,3092397.604,3818630.833,4465809.595,3217535.269,2717580.023,2411768.579,3254943.046,2257468.594,2978690.968,4392910.326,3423258.47,2581743.476,2913435.211,2597404.917,2953683.253,4072853.498,3157913.307,2442290.562,3512640.406,3661796.531,4144211.715,3065033.702,1500815.044,6228244.962,3095128.168,2789379.138,3694499.389,3196725.616,3954779.642,2760835.022,2449788.997,2611030.708,2436521.137,3546004.455,3231783.301,8159012.497,2010102.194,59070554.35,7231965.354,2846765.438,4293849.126,10335845.79,1799590.971,2556983.895,6964489.15,7245238.446,2726148.695,4190918.922,4721706.566,2844581.438,3502395.73,2060299.221,15871526.23,4339881.879,,HMDB0248802,Benzenoids,Biphenyls and derivatives
Sterigmatocystin,1305312.657,3388027.761,2432272.68,1330460.917,73660196.57,1362526.624,13174711.63,863865.3963,1446597.982,1553939.748,20921388.03,1704600.459,1416779.254,12102943.09,1658480.491,36697454.3,1157132.771,4012924.265,1473341.205,1325962.223,1380734.944,1627999.884,70057632.51,1326135.84,2523091.554,1348962.994,9307002.418,1620009.91,1758188.466,1121039.168,1658355.916,1603486.066,2709965.928,1368490.725,2082669.032,919131.0072,1745757.039,1098992.854,952894.6589,8290359.368,1629295.585,1779649.174,1654350.698,1575251.555,1843700.041,1252082.194,2315637.193,13713028.41,2236482.262,1427245.865,1004413.31,1400760.637,1646079.477,1891243.936,1378779.975,1200364.152,2771158.244,1266201.47,936385.9996,1485187.415,cpd:C00961,HMDB0030588,Phenylpropanoids and polyketides,-