Species,group,Faecalibacterium.prausnitzii,Escherichia.coli,Phascolarctobacterium.sp..CAG.207,Clostridium.sp..CAG.43,X.Ruminococcus..gnavus,Eubacterium.sp..CAG.38,Shigella.sonnei,Salmonella.enterica,Thermodesulfovibrio.thiophilus,Leucothrix.mucor,Shigella.dysenteriae,Shigella.flexneri,Collinsella.sp..4_8_47FAA,Lachnoclostridium.sp..An196,butyrate.producing.bacterium.SS3_4,Ruminococcus.gnavus.CAG.126,Streptococcus.anginosus,Aquimarina.macrocephali,Clostridium.perfringens,Clostridium sp  CAG 7,Eubacterium sp  CAG 248,Eubacterium.sp..38_16,Lactobacillus.rogosae,Citrobacter.koseri,Eubacterium.sp..CAG76_36_125,Clostridium.sp..CAG.81,Candidatus.Stoquefichus.sp..KLE1796,Enterococcus.asini,Shigella.sp..SF.2015,X.Clostridium..aminophilum,Enterococcus.avium,Lachnospiraceae.bacterium.10.1,Firmicutes.bacterium.CAG.24,Escherichia.albertii,Erysipelatoclostridium.ramosum,Roseburia.sp..CAG.100,X.Clostridium..glycyrrhizinilyticum,Citrobacter.youngae,Cronobacter.turicensis,Enterobacter.asburiae,Clostridium.sp..Marseille.P299,Bacteroides.paurosaccharolyticus,Clostridium.sp..ASF356,Bifidobacterium.animalis,Raoultella.planticola,Gordonibacter.massiliensis,Gordonibacter.sp..An230,Eggerthella.sp..51_9,Lelliottia.sp..PFL01,Lachnospira.multipara,Citrobacter.rodentium,Desulfitobacterium.hafniense,Eggerthella.sp..YY7918,Enterococcus.sp..HSIEG1,Prevotella.amnii,Mycobacterium.avium
H1,Health,4.382310299,0.894378927,8.344985628,0.891931178,0.191425501,1.157922766,0.038079832,0.021438816,0.008176765,0.008907573,0.009620225,0.009958465,1.48E-05,0.03890294,0.024644958,0.024619681,0.002216088,0.003508528,0.002662267,0.833979475,0.005379813,0.131446611,0.005617391,0.003078695,0.002902676,0.015346432,0.019164213,1.40E-05,0.002194854,0.007300488,0,0.002424963,0.003773702,0.002878483,0.002481478,0.00341925,0.008976123,0.00086286,0.001571489,0.001275628,0.002805293,0.028332072,0.027990801,0.001392289,0.000955607,0.001255568,0.000129673,0.000592864,0.000805427,0.001957729,0.000845053,0.000544904,0.000418137,2.78E-05,0.000884783,0.000577026
H3,Health,13.44688746,0.051668032,0.073031689,0.074983044,0.027014966,0.194848777,0.001502019,0.003717985,0.000191102,0.000148084,0.000242134,0.000352261,0.021383732,0.07485394,0.027815805,0.000774399,9.61E-05,4.72E-05,0.003415872,0.114478166,0.003431725,0.009813198,0.008548251,0.000922394,0.007236842,0.009781813,0.00500286,0,9.42E-05,0.018053523,0,0.019988264,0.013591567,7.17E-05,5.23E-05,0.010825651,0.005358936,0.000683807,0.000384465,0.000907983,0.008349714,0.007510196,0.005409259,0.0036757,7.74E-05,0.009282296,0.002638092,0.002818032,8.81E-05,0.007223092,1.79E-05,0.007259615,0.006920931,2.06E-06,0.004122543,0
H5,Health,3.602268294,3.604079366,1.02990325,0.04351305,0.028717921,0.008100819,0.124478103,0.048882842,8.08E-06,1.76E-06,0.031853397,0.030515404,0.247909169,0.027740522,0.013285945,0.002098724,0.000550563,0.000575607,0.010719704,0.053957737,0.001309329,0.032945432,0.002487127,0.008749857,0.003465253,0.00442333,0.004748566,9.50E-05,0.007826049,0.010842236,0,0.009104745,0.013118603,0.004491601,0.000310061,0.001355125,0.001034381,0.006029417,0.003743189,0.00343698,0.011247331,0.001139249,0.0068673,0.010829976,0.002154266,0.015695916,0.006249229,0.0024521,0.00258755,0.002021011,0.002319378,0.009474042,0.010353824,0.000229017,0.003486701,0.004182689
H9,Health,4.514630713,1.030164131,0.684394805,0.908123912,0.660201036,0.047297343,0.036444819,0.026784054,0.004667319,0.004675713,0.008004012,0.007403424,3.28E-05,0.100294517,0.213516686,0.037765534,0.003637771,0.004315242,0.030409514,0.381355613,0.004933008,0.026717112,0.023373978,0.005027587,0.013924435,0.092005304,0.012783654,0,0.00199297,0.030941905,0,0.034701671,0.00982455,0.002889221,8.22E-05,0.00487853,0.029299354,0.001474249,0.002685315,0.001925733,0.005746428,4.64E-05,0.022649737,0.001490341,0.001076315,0.002226899,0.001922291,0.001479594,0.001037227,0.002218545,0.000779626,0.002421053,0.000764304,0,0.002250087,0.000412425
H10,Health,11.06524959,0.587242484,4.409297979,0.211578082,0.05326563,0.004983071,0.016642381,0.008488083,0.035980124,0.000978844,0.005027531,0.006796371,0.019313075,0.047997228,0.044877969,0.003042121,0.005422285,0.038237303,0.001956859,0.296495962,0.064905152,0.032975582,0.006830108,0.001770982,0.001053553,0.013268149,0.003226513,0,0.001031613,0.012669736,6.31E-06,0.015777156,0.001626807,0.000912895,0.000136799,0.001453282,0.014510288,0.000520907,0.00051696,0.000605208,0.004223751,0.021430598,0.002717527,0.000714178,0.000294735,0.007853685,0.005150686,0.002086104,0.000359728,0.00415008,0.000515786,0.010592064,0.004458185,0,0.00020593,0.000187558
H11,Health,12.00636043,5.262083307,5.051698987,2.253144493,0.071764315,0.061645389,0.233487792,0.095836271,0.023394832,0.020623575,0.074231601,0.098550192,0.020112976,0.106854458,0.063114766,0.007234808,0.001172827,0.011938934,0.011976604,8.712028281,0.017332003,0.005788349,0.045915077,0.01979575,0.053911703,0.031541086,0.000992367,0,0.018051876,0.0125949,0,0.024266395,0.008808479,0.00955555,0.000618931,0.015317248,0.001285799,0.005744708,0.007624223,0.011732824,0.007616897,0.00799642,0.012145332,0.001304294,0.006478667,0.000779111,9.88E-05,0.000375127,0.004948068,0.00538673,0.006103372,0.008016428,0.001584607,0,5.32E-05,0.002145644
H14,Health,16.09963812,0.051680635,0.013341354,0.731902995,0.054539658,0.038770505,0.001885091,0.001461991,0,0,0.000555542,0.00069007,0.060655325,0.075171898,0.049326318,0.0016599,0.000326165,0,0.006885123,0.490502821,0.012891527,0.009936102,0.041243729,0.000218359,0.040551489,0.014959947,0.002806324,0,0,0.037651778,0,0.024380525,0.032351648,5.96E-05,0.000262469,0.005320459,0.003417257,7.95E-05,8.28E-05,0.000121136,0.004914245,0.004672378,0.005182826,0.007042044,6.57E-05,0.00316801,0.002934447,0.002637217,4.26E-05,0.00851074,9.72E-05,0.005806533,0.00744931,0,0.00507873,0
H15,Health,28.63720517,0.019688516,0.972412406,0.036484969,0.161912834,0.057763524,0.000790005,0.000512644,0.000154822,0,0.000220399,0.000124589,8.51E-06,0.01951505,0.271073621,0.007557228,0.00071718,4.02E-06,0.018776183,1.969510678,0.082069764,0.005259445,0.268956722,3.55E-05,0.183991892,0.072113169,0.017338816,0,6.35E-05,0.031090182,0,0.028634311,0.004210478,3.62E-05,6.62E-05,0.013288426,0.008279316,9.92E-05,1.77E-05,3.13E-05,0.013262514,0.001778157,0.001689694,0.000806676,0,0.000210822,0.000947289,0.00230173,5.11E-06,0.023004657,0,0.002841995,0.000921084,0,0.000523298,0
H17,Health,24.18690915,0.056442421,2.657750068,1.239552705,0.084261091,1.445636823,0.001383329,0.001036625,0.005809017,1.50E-05,0.000198273,0.000206027,0.034953194,0.085089954,0.042536859,0.002628948,0.001084699,0.003464653,0.009877601,0.03226114,0.548667423,0.019970799,0.033220305,0.0001378,0.015159208,0.026108862,0.001767191,0,0.000128069,0.031097172,0,0.034552818,0.051930049,6.93E-05,0.000738148,0.016352372,0.003569529,0.000566846,3.31E-05,4.25E-05,0.022598086,0.00612663,0.025348466,0.00435036,1.31E-05,0.005590221,0.002373238,0.001193633,1.57E-05,0.00728411,3.40E-05,0.002287296,0.001112941,0,0.001135273,0
H18,Health,15.60438386,0.307767154,1.525880767,1.145689115,0.127370377,0.012454757,0.002170085,0.001923944,0.041948316,0.049325945,0.000542715,0.000777136,0.022806654,0.048036997,0.020667505,0.006528514,0.001258918,0.027029,0.012658035,0.750481338,0.040229005,0.168212809,0.01866331,0.000287925,0.009428284,0.007819525,0.01247782,3.94E-06,0.000146578,0.017744047,8.61E-06,0.020316344,0.035433564,7.92E-05,0.003266521,0.01756727,0.013060033,0.000408802,0.000118359,9.52E-05,0.00592418,0.00893761,0.004039389,0.001312491,6.85E-05,0.003041185,0.000898463,0.000460439,5.41E-05,0.003886875,0.000103208,0.011156369,0.004348192,0,0.000208956,4.48E-05
H19,Health,38.90949519,0.030882862,3.308565999,2.234095611,0.058342266,0.118450067,5.35E-05,0.000694486,0.00889519,9.98E-07,1.16E-05,2.71E-05,0.012820074,0.0436645,0.040972033,0.001403485,0.00139449,8.91E-05,0.006753121,2.830690843,0.02106092,0.014093504,0.0466125,0.000107051,0.019933339,0.033653701,0.002798756,0,0,0.017832709,0,0.016327101,0.024225422,0,5.24E-05,0.005961612,0.00195869,1.55E-05,0,3.76E-05,0.007673761,0.007549471,0.002706646,0.000357812,0,0.000816908,0.001137704,0.003163097,2.31E-06,0.006745506,0,0.013633422,0.002510451,0,0.00046799,0
H20,Health,8.410095294,0.057414906,1.108018934,0.27537562,0.073597732,0.153602984,0.000361286,0.000753844,0.015672583,0.002378425,7.81E-05,7.78E-06,6.31E-05,0.054789178,0.021470071,0.000536384,0.001865475,0.00023395,0.005458833,0.455709704,0.03175045,0.020365122,0.116988735,0.000149184,0.14664411,0.010446356,0.001480808,0,0,0.038611722,0,0.009542298,0.01153589,0,5.05E-05,0.003742634,0.003003908,3.48E-05,1.79E-05,0.000383779,0.00511895,0.010458299,0.006445012,0.007166339,7.19E-05,0.002986419,0.002160558,0.002448064,3.52E-05,0.016023156,1.77E-05,0.00875364,0.001425353,0,0.012641217,0
H21,Health,8.4766795,0.116367787,0.042852723,0.291674241,0.047966789,0.12028611,0.004741724,0.00857029,6.08E-05,7.22E-06,0.001288134,0.002063196,0.070444402,0.093581409,0.041147592,0.000914497,0.001684939,0,0.004314041,0.213606877,0.014940221,0.019915683,0.03972543,0.001523142,0.047587763,0.011103389,0.005046244,4.32E-05,0.000457924,0.021941004,0,0.077946703,0.006957506,0.000175527,0.000116607,0.082972083,0.005558918,0.001609857,0.000694746,0.002636481,0.009429803,0.008487109,0.005472025,0.001776851,0.000246425,0.002674989,0.002082289,0.007093626,0.000343093,0.009996942,0.000207965,0.008282893,0.005230896,0,0.000260714,4.71E-05
H22,Health,9.10368952,0.527769345,0.004242756,0.92900849,0.046811128,1.957517457,0.020346579,0.021277494,0,1.30E-06,0.005809001,0.007141366,0.013341621,0.060172678,0.061427065,0.002068751,0.000999748,0.000350376,0.003150597,1.164825486,0.422200651,0.010772152,0.010442108,0.00485528,0.008373688,0.015093152,0.003148842,9.35E-06,0.00125076,0.012234662,0,0.005307235,0.007656855,0.001076759,0.000180201,0.003841956,0.004343981,0.005341606,0.001679752,0.002729809,0.011132801,0.008249952,0.006612328,0.000871602,0.002392541,0.002587317,0.001279649,0.000574454,0.000843331,0.005740679,0.000666873,0.003933378,0.004483885,8.08E-06,0.001584453,0.000576741
H24,Health,8.731387603,5.468290418,6.950290191,0.391126659,0.111379604,0.040388056,0.212327628,0.100452351,0.348536405,0.05406814,0.058947718,0.056464989,0.000268317,0.102106838,0.131769764,0.009315662,0.002790541,0,0.033565202,0.46148617,0.115483755,0.116112574,0.175016834,0.014889855,0.13771451,0.056037554,0.006960916,0.000218895,0.013402589,0.020379497,0.001777884,0.023594025,0.02404556,0.009960029,0.002614377,0.014536463,0.005908556,0.006206626,0.006602154,0.007255886,0.013497603,0.005372248,0.006779002,0.002524977,0.006453867,0.031861943,0.013926555,0.011030031,0.004910557,0.015391201,0.005448836,0.003636781,0.017285443,0,0.010442225,0.002263886
H25,Health,5.477173584,0.140718837,0.047030174,0.948569605,0.033191203,0.089469598,0.006099019,0.01153966,4.64E-05,4.47E-06,0.00180358,0.001888875,0.154086128,0.068247573,0.073850064,0.001404349,0.000576254,0.000227745,0.003143677,0.514774708,0.009733419,0.012558144,0.011956275,0.000654565,0.001550514,0.019003885,0.007749449,0,0.000466059,0.01557756,0,0.019277379,0.009237281,0.000219459,0.000357012,0.008404725,0.002540168,0.000388739,0.00022519,0.000280726,0.004388864,0.025349571,0.005943399,0.001606363,0.000179186,0.001817441,0.001993287,0.002161566,0.000121237,0.005082466,7.37E-05,0.004926529,0.002504805,0,0.018386388,0.000116173
H26,Health,0.623294333,19.7636359,2.539277982,0.01159529,0.119375934,0.007235601,0.735467793,0.413203809,0,0,0.1898405,0.164282154,5.17E-05,0.011279998,0.006061129,0.019719346,0.045913715,0.000379493,0.005539988,0.021340021,0.001191997,0.003829339,0.004068145,0.060268098,0.000822047,0.002040343,0.033851566,6.19E-05,0.032806073,0.010491621,0,0.007977214,0.005799035,0.055426815,0.001722579,0.001101717,0.003903356,0.034998311,0.023331199,0.021078727,0.006619842,0.005900778,0.018222448,0.000356465,0.016688468,0.020433457,0.005792033,0.001735017,0.016362164,0.003420624,0.016219853,0.00407158,0.00688052,0,0.001869192,0.004568439
H29,Health,31.54174968,0.049619639,0.010781966,0.413992907,0.028500055,0.045685578,0.00195911,0.001677017,0,0,0.000554763,0.000508678,0.018175015,0.017358998,0.02453187,0.000793198,0.001287913,0,0.008733097,0.282068555,0.002698539,0.024133671,0.003553488,0.000295789,0.001360783,0.003039435,0.002642271,0,0.000122077,0.022827495,0,0.009405589,0.019292497,0.000228969,7.20E-05,0.124381555,0.00122308,0.000258391,7.36E-05,0.000108997,0.004709248,0.018126135,0.002490964,0.00115211,0.00015055,0.001635451,0.001540429,0.001122814,2.10E-05,0.004909552,0.00012143,0.011706242,0.001979665,0,0.000265906,1.57E-05
H31,Health,20.23649718,14.69979373,0.477265553,0.321787685,0.036335463,0.047638647,0.609729039,0.39601094,7.14E-06,6.99E-06,0.191984412,0.230053326,0.018912193,0.02857774,0.048094537,0.002046507,0.000187555,4.18E-06,0.00479401,0.249303452,0.01060637,0.008776149,0.046829053,0.048169435,0.064589869,0.01384293,0.001481398,0,0.045031046,0.008654585,0,0.007405958,0.003858192,0.024306551,6.97E-05,0.009023524,0.001902161,0.015494268,0.01883919,0.018396387,0.005276684,0.019936707,0.003466727,0.001204459,0.014506081,9.20E-05,0.000316304,0.001071035,0.015291374,0.001703974,0.014441519,0.006622934,0.00385981,0,4.22E-05,0.00896788
H32,Health,5.731908709,0.389653034,2.019153251,1.308236627,0.143723243,8.957778151,0.018113658,0.104038926,0.000978456,0.000921865,0.002515568,0.003749364,0.00485073,0.031891552,0.11132803,0.009760897,0.001671334,0.000465324,0.00218598,10.85455337,0.025153668,0.030981754,0.056152471,0.019427487,0.021876043,0.031903842,0.001739057,0,0.000592305,0.024646667,6.23E-06,0.015908351,0.060201615,0.000539613,0.001489286,0.009706117,0.007247982,0.006561551,0.006651865,0.025142314,0.009692216,0.011348527,0.014791007,0.000931642,0.006727206,6.71E-05,0.000277558,0.000635076,0.003008328,0.014272339,0.001518361,0.001743296,0.000824266,0,0.000213962,3.09E-05
H33,Health,9.968070693,1.046396438,5.541271271,0.935761892,0.089484128,0.026897097,0.029459253,0.024324202,0.030486291,0.01226081,0.007214686,0.008848413,8.51E-05,0.039047267,0.051798333,0.004065891,0.000610585,0.017350025,0.011354524,0.478230512,0.048375014,0.010425003,0.069279864,0.003412643,0.052049047,0.019866646,0.008883275,0,0.001994736,0.020743616,0,0.010228714,0.015837579,0.001618468,0.001612929,0.01665421,0.004821396,0.003730145,0.001001837,0.001455906,0.014982427,0.001527201,0.008792892,0.001064838,0.000819961,0.002706796,0.000909543,0.001438972,0.000945963,0.008236074,0.000736502,0.012580731,0.00257514,0,0.002674751,0.000658532
H35,Health,28.96279659,0.045136359,0.049089527,0.283151446,0.045258289,0.137937717,0.000745163,0.000495593,0.008452053,0,0.000151381,0.000262191,0.053937268,0.100926983,0.030195537,0.001371676,0.002631731,0.001124104,0.006186612,0.429017314,0.430356292,0.027520908,0.009808204,8.37E-05,0.005307588,0.005710497,0.001787001,0,7.14E-05,0.0187602,0,0.016407148,0.057838099,4.18E-05,0.000388917,0.013881738,0.001642374,3.05E-05,3.45E-05,2.45E-05,0.005669717,0.003594512,0.017028815,0.016515156,1.60E-05,0.002250814,0.002190433,0.001844285,2.63E-05,0.010700846,9.88E-06,0.005937632,0.002742793,0,0.005761289,1.56E-05
H37,Health,20.26934956,0.118403681,2.131831371,0.015010187,0.082492109,0.730733123,0.004938445,0.001722236,0,3.11E-06,0.000912339,0.000807816,0,0.226046241,0.19994831,0.006991083,6.85E-05,5.58E-06,0.008817277,0.243321853,0.003468619,0.004944414,0.013336046,0.000553197,0.018435505,0.057125287,0.000886004,3.40E-05,0.000138127,0.027212807,0.026623177,0.004407606,0.003101891,0.000237923,0.00564798,0.007438997,0.001818513,8.15E-05,0.000171079,0.000164034,0.006660318,0.030750259,0.010636111,0.004904361,6.16E-05,0.002658626,0.000570826,0.000413125,0.000128785,0.008293781,2.28E-05,0.002575294,0.000524763,0,0.004123174,3.59E-05
H38,Health,11.61272029,2.096436608,1.153109978,0.535352945,3.413364492,0.022167458,0.077431106,0.052263508,2.47E-05,1.32E-05,0.021012555,0.022031866,0.000988459,0.071236707,0.048259912,0.883683041,0.000258433,4.74E-06,0.007011403,1.751513197,0.002538833,0.009801937,0.023056013,0.010427177,0.005542741,0.013789643,0.018348412,7.33E-06,0.004202403,0.016560043,4.51E-06,0.025102173,0.016382787,0.004252084,0.00012979,0.011970688,0.085458539,0.004717112,0.004219353,0.003976108,0.001128711,0.007841838,0.006272428,0.001278171,0.002010547,0.00047535,7.16E-05,0.001549403,0.002056385,0.000381002,0.002117178,0.013041904,0.000224797,0,0.006682904,0.001465732
H39,Health,0.508122225,0.295152401,0.000188188,0.003305063,0.015685294,0.268225463,0.014481446,0.005205625,0,2.71E-06,0.002849249,0.003654328,0.000127753,0.013329079,0.06952732,0.001600168,0.000567622,0,0.003840658,0.034507783,0.026343467,6.71E-06,0.04068143,0.000851692,0.02763219,0.011133106,0.000591154,0.000646728,0.000712838,0.004154069,0.000505835,0.010446862,0.00783545,0.000537408,0.001583145,0.002095719,0.000865223,0.000383204,0.000489682,0.000498037,0.005933821,0.014187298,0.000819777,0.000481661,0.000295455,0.00282419,0.001230868,0.001061021,0.000162466,0.010968951,0.000198864,0.018742509,0.000527294,0.000510807,0,0.000376033
H40,Health,8.232121904,8.597298855,0.12033743,0.011219847,0.115259372,0.021981706,0.308391837,0.170676321,0.018223554,0.006598291,0.077047201,0.071219716,0.164024192,0.005870259,0.021237599,0.008919782,0.000210493,0.002353631,0.009185497,0.097959905,5.83E-05,0.295642673,0.003856858,0.023416673,1.17E-05,0.002049345,0.012322684,0,0.014835022,0.011347463,2.99E-05,0.008332329,0.011179925,0.023391216,0.002808983,0.004076513,0.006272763,0.015126898,0.011859671,0.019279746,0.003688735,0.007471258,0.009626721,0.006639514,0.006445637,0.001146046,0.020736672,0.001539297,0.008352012,0.014896889,0.007395128,0.003723221,0.002269851,0,0.008237609,0.00193024
H41,Health,0.242287087,7.553463742,0.006521582,0.026101428,0.0027165,0.028335346,0.301556743,0.225409404,1.12E-05,4.87E-06,0.08027508,0.078535661,0.000377483,0.003145753,0.005337356,9.31E-05,0.156005064,0,0.000929214,0.014019673,0.041514112,0.000197925,0.001220501,0.043102125,0.00034651,0.001094676,0.000158523,0.002188328,0.021660601,0.000741379,0.002482021,0.00072417,0.000253033,0.022043533,5.33E-05,0.002723453,8.76E-05,0.014217219,0.027040008,0.019221146,0.035929073,0.000763328,0.000392685,0.011671346,0.010524124,0.001756097,1.24E-05,8.21E-05,0.008309207,0.000295501,0.007378126,0.01907595,7.99E-05,0.034016008,0.000426772,0.005738919
H42,Health,6.847371806,0.019850407,0.181371131,0.757715803,0.092803254,0.639988031,0.000587024,0.005060545,0,0,6.38E-05,0.000113483,0.020950058,0.081870355,0.062596933,0.002748846,0.004428801,0,0.014741016,0.307779493,0.856774195,0.014902857,0.033698204,0.001654877,0.01051988,0.021283802,0.003002862,0.000120878,0,0.026612384,0.005899495,0.018968833,0.009492575,0,0.000461445,0.071795679,0.003959515,0.000463699,0.000967963,0.001294521,0.022485984,0.019903393,0.010397339,0.002236772,0.000247303,0.003196453,0.001335233,0.004122067,0.000162117,0.00978617,7.31E-05,0.010090564,0.004603999,0.000933083,0.000259427,0
H44,Health,0.026716851,28.21750136,0.011825228,0.000334124,0.001603571,0.000740127,0.161838399,0.0728359,3.597017866,3.233588316,0.041149418,0.061532756,0.007750008,0.000331706,5.82E-05,0.000121391,0.003146356,1.25188357,0.00028086,0.001244984,4.40E-06,2.13E-05,6.86E-06,0.013723518,6.94E-05,5.18E-05,8.16E-06,3.15E-05,0.009125184,5.27E-05,9.27E-06,0.000287555,0.000253462,0.007702792,9.74E-05,0,0.000892503,0.004565628,0.004797703,0.005439464,0.000198484,0.000532752,0.000644737,0.000135193,0.003538107,0.000234594,0.000313154,5.15E-05,0.004016154,7.08E-05,0.004075475,0.000103341,0.000221463,0,0.004204582,0.001207548
H46,Health,0.103652281,24.12300527,0.001222082,0.000682779,1.957166051,0,0.777108006,0.385141055,0,0,0.266706044,0.176706944,0,0.000795656,0.004859511,0.188860658,0.164075423,0,9.18E-05,0.00597297,0.000130876,0,0,0.066789636,0,0,0.003429135,0,0.077315192,0,0.019726367,0.002698314,0,0.060942888,0.05261,0,0.002643365,0.033149291,0.034679864,0.029605769,0.002745829,0.02040712,0.02374781,0.001532274,0.039338288,0.00040259,0.000236535,0,0.020059926,0.001155968,0.015893165,0.000789224,0.000497276,0,0,0.02308872
D1,Disease,14.44974383,4.250317524,3.408270387,0.003782992,1.422217792,0.00065668,0.153395854,0.064940297,0.00456392,0.004453303,0.045769051,0.030125522,6.31E-05,0.020971377,0.016481933,0.107645429,0.001746597,0.001861929,0.011871286,0.137043402,0.000195079,0.002549437,0.00131417,0.01519874,5.32E-05,0.001576025,0.004320703,4.29E-06,0.008942342,0.011050856,0.000109406,0.00411294,0.000944703,0.008473724,0.015925127,0.00030158,0.028277193,0.008421462,0.005294718,0.005686343,0.000738261,0.01416513,0.000663885,1.61E-05,0.004386861,0.006138965,0.003375526,0.000451966,0.003513225,5.97E-05,0.003573483,0.003009358,0.006568426,9.84E-06,0.014245048,0.00314107
D4,Disease,5.054150521,1.159463102,0.014335699,0.282055534,0.482484832,0.123641948,0.04439133,0.022179511,0,0,0.013276506,0.009615349,0.569244213,0.021746279,0.038173239,0.040027123,0.001606001,0,0.0093034,0.058784001,0.007521043,0.019363234,0.013901434,0.003953877,0.001983083,0.008259706,0.012987716,9.65E-06,0.002290297,0.024267565,9.36E-06,0.015733184,0.002651354,0.002661417,0.045822036,0.009771994,0.00595989,0.002567502,0.001355249,0.001844697,0.004285516,0.001132623,0.001515009,0.017508146,0.001353359,0.059402125,0.028202304,0.011721006,0.000913707,0.002240615,0.001252232,0.008663168,0.064091474,0,0.006275101,0.000500252
D5,Disease,10.06597618,0.604889134,0.226040786,1.48225591,0.126669002,0.013402607,0.024399611,0.010699549,0,0,0.007749659,0.008474645,0.024974306,0.136124245,0.06396935,0.006498371,0.000908968,5.75E-05,0.011597114,0.251383822,0.010286591,0.012737349,0.006953008,0.001394013,0.005187934,0.037855649,0.002945534,8.69E-06,0.002006543,0.017190581,3.18E-05,0.007360849,0.013960571,0.001409406,0.000510058,0.010097648,0.005413147,0.002056202,0.000654214,0.000787724,0.007112741,0.006972892,0.012223344,0.000580715,0.000609625,0.003557496,0.001291883,0.001325747,0.00055143,0.010382817,0.000639422,0.007079363,0.002161833,0,0.007195199,0.00032598
D6,Disease,15.5859554,0.032219055,0.169951737,0.432424139,0.063537371,0.021954105,0.001323421,0.000963703,3.75E-06,3.67E-06,0.000353803,0.000423522,0.050842243,0.068053055,0.042322679,0.002818209,0.00139412,5.00E-05,0.083123426,2.284653212,0.012854091,0.022809366,0.038998786,0.000163146,0.102700436,0.011483868,0.005673361,3.00E-05,6.33E-05,0.018424011,0,0.006459713,0.063966725,0.003255194,0.000155269,0.005295722,0.003405177,5.70E-05,3.85E-05,4.99E-05,0.002042184,0.002467364,0.004700445,0.0023306,2.50E-05,0.008424263,0.00268167,0.00162281,1.48E-05,0.01997737,4.49E-05,0.006271549,0.01055556,0,0.00153331,0
D8,Disease,0.78298026,36.6157595,0.001660375,0.005098641,0.684601983,0.01044095,1.298254464,0.501714144,0,0,0.32048939,0.194052767,0.000130575,0.014141196,0.023344459,0.032322666,0.008336331,4.75E-06,0.019781751,0.011624336,0.004836261,2.89E-05,0.001404796,0.112274897,0.000879116,0.002249093,0.007703108,0.000577992,0.049533963,0.004359856,0.022167066,0.010859487,0.002377926,0.080747662,0.094434221,0.001480583,0.030394752,0.038083058,0.037217341,0.034723247,0.005576902,0,0.00519771,0.01375138,0.029079736,0.009763151,0.008316209,0.021966351,0.032461187,0.004043491,0.033557181,0.001696397,0.013998761,0.001455587,0.000162963,0.010440877
D12,Disease,0.807224117,2.455766083,0.458369877,0.008632761,0.038439951,0.988704368,0.120866169,0.049449598,0,0,0.021181708,0.02199611,0.000107485,0.012316164,0.012215816,0.004831503,0.054177746,0,0.004601373,0.035270119,0.002664189,3.38E-05,0.006664923,0.008279922,0.002986035,0.004240171,0.42146529,5.23E-05,0.005357504,0.005040298,0.000144162,0.009991203,0.002852078,0.004744586,0.012188508,0.001012627,0.002233627,0.001742643,0.002436899,0.003189749,0.032738295,0.017863066,0.006874745,0.009451464,0.002395257,0.018814242,0.005746114,0.000534124,0.002053821,0.002932922,0.001998841,0.00307035,0.007152465,8.67E-05,0.007683161,0.001477931
D13,Disease,20.74791064,22.71192487,1.271248613,0.024572221,0.035991556,0.009835193,1.030968122,0.423267345,9.73E-05,0,0.188347258,0.197908361,0.025851671,0.017867206,0.017562852,0.000645522,0.000692127,0,0.003724975,0.11350072,0.008914583,0.006371683,0.005406333,0.063678699,0.00605833,0.006716799,0.003909525,2.81E-06,0.05425221,0.010815608,0.000116182,0.007678678,0.031458757,0.031318321,0.008974123,0.003135557,0.003365494,0.040494593,0.02865089,0.053440038,0.005302578,0.004456004,0.011252487,0.002208151,0.017712013,0.011224048,0.002817132,0.000644568,0.021597659,0.00111111,0.018265335,0.01437918,0.005358828,3.01E-06,0.003371222,0.020456623
D15,Disease,5.120909392,0.149157888,0.004509605,0.052894199,0.138497443,0.015832259,0.005293587,0.007905654,7.44E-05,1.10E-05,0.001383569,0.00355169,0.190029642,0.019769978,0.034946593,0.004461969,1.233535775,0,0.106159353,0.037075344,0.002742188,0.002659317,0.012053885,0.002006305,0.002602346,0.01055119,0.018240815,4.69E-05,0.000293509,0.012243847,0,0.013125271,0.012492847,0.0001813,0.003273936,0.007948236,0.003733481,0.000815612,0.001508933,0.001928566,0.00717755,0.002270534,0.005365103,0.003379903,0.000271004,0.023728495,0.017609752,0.00281303,0.000228433,0.007313256,8.04E-05,0.006146445,0.014380282,0,0.024005459,0.000339022
D16,Disease,0.115970367,10.11674865,0.461837018,0.985790162,0.974016125,0.043921402,0.463245981,0.403646109,0,4.23E-06,0.10855901,0.128702606,0.065819319,0.003483601,0.028786799,0.097237032,0.036960845,0,0.043003087,1.010822414,0.001852091,0.000358549,0.001259339,0.092443605,0.001650387,0.009008607,0.007097217,2.59E-05,0.026469295,0.004050173,0.000210827,0.015112073,0.001260259,0.021579077,0.000920314,0.000919257,0.00693278,0.028579292,0.056497423,0.039700263,0.00152329,0.008247297,0.002819145,0.002560368,0.015326628,0.002447109,0.002334754,0.000773427,0.017585875,0.000236337,0.009412854,0.003953213,0.004394167,3.93E-05,0.003404371,0.007901579
D18,Disease,0.356980715,10.2658786,1.521874552,0.005228474,0.147027799,0.012992093,0.355824345,0.147946807,0.050050872,0,0.096212667,0.082901042,0.115945413,0.021648641,0.018003166,0.020323855,0.021669711,0.053555661,0.009186424,0.168826706,0.000988631,0.088196334,0.004640603,0.025000105,0.001298638,0.013191244,0.008272898,5.15E-05,0.015380056,0.004480609,0.043497416,0.003839752,0.000358937,0.021115418,0.030756435,0.006495941,0.079251367,0.015540288,0.011139945,0.009169391,0.014903982,0.004105588,0.005413976,0.003988658,0.012201918,0.009221571,0.004376845,0.004731966,0.007606077,0.000231292,0.009497249,0.001501609,0.001567526,0.000199206,0.041500024,0.004825432
D19,Disease,4.086552723,0.50028806,0.00398439,1.057262684,0.175786151,0.022836525,0.011127675,0.050896191,0.001034175,0.001061879,0.002804741,0.003540005,0.049922296,0.010928773,0.023905204,0.013372731,0.021357751,0.00035172,0.129618124,0.170440891,0.002772821,0.296358651,0.019400717,0.013138607,0.003257652,0.012894732,0.010676053,0.003304045,0.001018428,0.013477402,0.000639519,0.008205117,0.004546616,0.000499933,0.000775762,0.0039965,0.02675442,0.004024047,0.010186702,0.008485344,0.012280882,0.004989198,0.004902986,0.000952585,0.001771806,0.001592113,0.000756955,0.008957491,0.000849753,0.000550685,0.000108705,0.004136113,0.001182248,6.13E-06,0.018874688,0.000308326
D21,Disease,7.203376621,0.337287604,0.676470266,0.243355211,0.091059379,0.038891187,0.01143601,0.005464998,0,0,0.002466651,0.003828276,0.030099596,0.021331654,0.019979149,0.000984054,0.001562711,0,0.008606528,0.058882122,0.044099065,0.0144566,0.024785845,0.00108561,0.000373854,0.005982549,0.003082846,3.83E-06,0.000642383,0.016783956,0,0.007924997,0.01190707,0.001434359,3.63E-05,0.00215318,0.009502552,0.000425065,0.000335623,0.00035215,0.008210352,0.00533471,0.006700531,0.016408861,0.000440079,0.001408266,0.00086953,0.001730941,0.000260358,0.003755514,0.00024057,0.002951832,0.004794633,0,0.007594415,0.000400743
D27,Disease,9.978468198,0.440501151,0.013988895,0.254147232,0.038512542,0.055106706,0.017528166,0.017573751,0.006419404,0.002088617,0.004762226,0.004149749,0.080547794,0.051214555,0.022356847,0.000844156,0.002160277,0.001622193,0.009093357,0.360327414,0.008154263,0.083605826,0.033587068,0.001765044,0.021871139,0.008350115,0.00409399,0,0.000792392,0.019725078,3.50E-06,0.024853863,0.010617935,0.000936192,8.04E-05,0.009702597,0.003703485,0.001278142,0.000597169,0.001806489,0.003789988,0.000972579,0.0039871,0.001917806,0.00073526,0.003559291,0.004035942,0.002763563,0.000448446,0.003111628,0.000602604,0.004361741,0.00432967,0,0.004508495,0.000187983
D28,Disease,12.11085704,2.617808314,1.900287715,0.258736185,0.089607214,0.038540663,0.089426578,0.060774687,0,0,0.019682992,0.026600892,0.02799931,0.0572155,0.119345545,0.007360758,0.001796999,0,0.021649378,0.818740159,1.938411824,0.020264335,0.067322173,0.013603186,0.08016105,0.047926159,0.005933023,0,0.004542861,0.017569174,0,0.033777009,0.024317019,0.002619971,0.015858456,0.023145794,0.010430535,0.003493191,0.007899932,0.005568828,0.008019894,0.000703804,0.011654234,0.000990092,0.003369964,0.001914805,0.001077049,0.01398178,0.00285968,0.037501877,0.001802709,0.004062636,0.003203361,0,0.019047179,0.005581317
D29,Disease,0.175941182,14.73315305,0.00651636,0.013254132,1.154324019,0.00197158,0.479220209,0.49807533,0,0,0.13922059,0.115660287,0.000185146,0.002091586,0.002531743,0.110077674,0.245052506,0,0.065194259,0.038578739,0.000343435,3.72E-05,0.000733041,0.037646815,0.002217796,0.000525438,0.002160526,0.000566395,0.024029479,0.00026447,0.368842615,0.001062149,0.000250906,0.034024216,0.009101917,0.000172306,0.002381758,0.023937504,0.013820221,0.01400667,0.110508981,0.006934963,0.000514694,0.016461752,0.010953969,0.00045444,0.001760698,0,0.010731042,0.001570807,0.010924116,0.00084813,2.63E-05,0.003191171,0.005895709,0.004495003
D30,Disease,11.62227134,29.71770877,1.921976663,0.310732669,0.132458208,0.013879482,1.377181322,1.031782033,0,0,0.333354967,0.319634668,0.079301007,0.020522256,0.046363257,0.01030186,0.00307853,0,0.963605322,0.040703403,0.00050729,0.002780196,0.000563629,0.12611914,0.001296822,0.012213438,0.002622622,0,0.074118587,0.007981776,0.000134255,0.00511136,0.000137196,0.075156401,0.000467797,0.000870637,0.022184634,0.043981801,0.076727159,0.053840805,0.001757145,0.00112929,0.003917615,0.025281183,0.036169102,0.003686358,0.003133301,0.001854916,0.033295363,0.000435265,0.027945305,0.001027862,0.001458751,6.73E-05,0.009514451,0.013750201
D32,Disease,10.6011191,0.154085098,0.000990139,0.211165406,0.080018439,0.168759567,0.005823766,0.004113741,0,4.52E-06,0.00133857,0.001620256,4.85E-05,0.146105968,0.051063408,0.002866895,0.000137222,1.21E-05,0.010747826,0.232885413,0.009151343,0.005403013,0.018922154,0.000762204,0.002443619,0.013152734,0.003146446,3.69E-05,0.000368067,0.013410532,0,0.031644548,0.007947471,0.000287696,3.26E-05,0.012113924,0.004662137,0.000344364,0.00024876,0.000144318,0.006035988,0.011247212,0.012481561,0.000807744,0.000134332,0.002446757,0.002309351,0.003636692,5.47E-05,0.008007702,0.000103652,0.004602393,0.002859876,0,0.004476818,0.000222021
D34,Disease,4.395316833,21.55824811,0.000337762,0.138905335,0.117864603,0.052829076,0.946753589,0.382714265,0.010507203,0,0.253116024,0.194735621,1.11E-05,0.030814037,0.016832847,0.009910152,0.001198565,0.006714889,0.003873527,0.057175859,0.013469354,0.002540896,0.04846918,0.070843837,0.036375214,0.00395943,0.00533152,0.000105029,0.062327357,0.009099408,8.94E-06,0.004703858,0.078257941,0.046668289,0.00011269,0.002142906,0.001547715,0.026889014,0.033561021,0.024006469,0.003680799,0.006270238,0.0050718,0.081196475,0.022773329,0.012134633,0.00222696,0.00255586,0.023706949,0.00122611,0.024967371,0.004137892,0.009177971,0.000197042,0.001832807,0.015468087
D36,Disease,8.109804919,49.34478411,0.073989322,0.006848129,0.813655273,0.003827816,2.201393591,0.797008172,0,0,0.500905198,0.523235941,0.163418757,0.006247493,0.031546726,0.066562962,0.000817545,0,0.010731478,0.043487302,0.000558364,0.005809174,0.003508018,0.162329256,0.001655117,0.005846982,0.00587996,1.37E-05,0.131768686,0.005116112,0,0.002043568,0.001849524,0.08323908,0.002805699,0.001961969,0.025958332,0.05624398,0.059528369,0.050990422,0.003332523,0.003765293,0.000833269,0.003879036,0.050134174,0.009935996,0.006389705,0.004210881,0.049779129,0.000341316,0.053042982,0.001709506,0.00478559,0,0.005309374,0.109435102
D39,Disease,10.04693717,2.954679353,0.000256429,0.136724017,0.121774871,0.031438762,0.101170252,0.046382537,0.115111314,0.027169064,0.028088707,0.026620158,0.330660375,0.179024567,0.058581559,0.001701523,0.002111945,0.028920222,0.01457402,2.468740923,0.021926957,0.011868298,0.005118886,0.008393937,0.001208385,0.012718865,0.012978966,0,0.006263001,0.02272297,0,0.016985694,0.013790978,0.004547789,0.000248743,0.008513946,0.008328302,0.005251954,0.003285368,0.005291864,0.00522291,0.006065254,0.002870875,0.005392932,0.005164265,0.004106612,0.002479801,0.002243315,0.002256511,0.00518816,0.002624407,0.002847191,0.013224392,0,0.000245026,0.002366944
D40,Disease,7.776981249,13.79811148,0.00025458,0.00012812,0.000177315,0,0.585865543,0.226997521,0,0,0.143491104,0.116179684,0.073853945,8.12E-05,0.000574226,1.63E-05,0.329764067,0,0.000175606,0.000444869,0,0.000434081,0,0.052347265,0,0,8.59E-05,0.882196487,0.046608984,0.003354349,0.36296059,0,0,0.02938833,5.52E-05,2.87E-06,0,0.016287841,0.022543545,0.016668329,0.000797959,0,6.20E-05,0.016831417,0.018132402,0.001840627,0.00017392,0.000869952,0.012610109,0,0.014797726,0.000935894,0.003205152,0.286947445,0,0.010201888
D42,Disease,4.164354862,0.804633606,0.001401666,0.004250558,0.362297653,0.339391098,0.032733582,0.022276461,0,0,0.009262945,0.007081846,0.001483603,0.005896678,0.021162031,0.048606584,0.001468055,0,0.009837163,0.031159977,0.003661958,0.007273575,0.005267774,0.0047623,0.001979053,0.008269344,0.012803225,0.000394355,0.00224334,0.0162009,0.003259898,0.007440615,0.000188777,0.001843783,0.043194225,0.005831593,0.011351527,0.001744665,0.002850574,0.001992271,0.007710171,0.027114178,0.004951374,0.002007503,0.000766276,0.021185584,0.015506016,0.001398837,0.000677196,0.004548837,0.000836878,0.001162217,0.01983816,0.0003783,0.000194992,0.00065085
D43,Disease,5.714066326,0.151507313,0.656169074,0.507549491,0.373805783,0.067506702,0.005204834,0.00301966,0,0,0.001367123,0.001126233,0.214644694,0.024861733,0.02360442,0.038895775,0.001335699,1.51E-05,0.001746853,0.0327942,0.011107396,0.000695791,0.002681461,0.000467588,0.002662994,0.006517051,0.00941696,0,0.000101399,0.038768953,1.02E-05,0.018852378,0.001278249,0.000319323,0.000334822,0.001566743,0.022887575,0.000251004,0.000160609,0.000109393,0.001188337,0.001252639,0.007465168,0.008398471,7.24E-05,0.004066599,0.003194642,0.00561872,7.08E-05,0.002914188,1.79E-05,0.001486112,0.00324088,0.000498882,0.00365981,3.10E-05
D44,Disease,8.336126295,19.96660741,0.105508195,0.039271042,0.191639224,0.101333531,0.870825659,0.361255059,0,0,0.232538529,0.375320617,0.0997443,0.039444699,0.018111546,0.014425408,0.014570905,0,0.008450284,0.019459836,0.003113436,0.000623357,0.002477409,0.069943482,0.001777439,0.001462578,0.008987405,7.92E-05,0.065676892,0.01001881,0.001631245,0.004980734,0.004380281,0.036018621,0.022171923,0.003485776,0.051986152,0.023787342,0.032206638,0.028604052,0.001104327,0.004375151,0.001854512,0.004527157,0.022175678,0.012112647,0.004272661,0.003075896,0.020115845,0.005112732,0.020320197,0.004451137,0.013631348,0.000278804,0.000460522,0.014710876
D45,Disease,2.497217057,18.1929268,0.000447358,0.027761659,0.075661237,0.009175317,0.791224912,0.333858622,0,0,0.186062381,0.201012989,0.036030604,0.021787664,0.01643525,0.009778297,0.000147634,0,0.004584161,2.084364429,0.060393144,0.008828267,0.008452353,0.064086807,0.00425169,0.008205337,0.004357401,0,0.054139057,0.009672369,0.008825033,0.005885141,0.006466006,0.033489888,0.009628036,0.004232348,0.001047838,0.034026232,0.028167825,0.022739257,0.002797314,0.014221093,0.014801101,0.002208798,0.020978588,0.001274094,0.000237341,0.00136104,0.015376379,0.001526879,0.018995607,0.002345958,0.002189906,7.39E-05,0,0.013554401
D46,Disease,3.855445928,0.011174294,0.807027734,0.352929995,0.035016984,0.038612239,0.000356111,0.000633695,0,0,0.00015202,6.93E-05,0.004670335,0.043379665,0.058237643,0.000807689,0.000873911,0,0.002747131,0.382757764,0.01836371,0.004934715,0.013198822,7.29E-05,0.006862977,0.023103453,0.004644374,0,2.08E-05,0.00971336,0,0.011954288,0.008870644,2.84E-05,0.000204015,0.019529335,0.003521967,0,0,2.29E-05,0.002150524,0.015592664,0.00161346,0.000514629,0,0.002447223,0.000773317,0.000458695,0,0.00514402,2.26E-05,0.002468663,0.000995839,0,0.00230422,0
D48,Disease,8.228330172,0.474509572,0.294548127,0.278358318,0.046971609,0.029765056,0.02056661,0.139080526,0,0,0.004638302,0.012206653,0.016071293,0.028521074,0.031864226,0.00241221,0.001891698,0,0.012875353,0.153124927,0.038652476,0.007850253,0.00828319,0.02692999,0.011784234,0.00722719,0.008635727,3.42E-06,0.001098359,0.023247888,0,0.018521906,0.004129971,0.000664606,0.000176358,0.013245787,0.003786832,0.075753263,0.004842575,0.029327963,0.001499912,0.005412105,0.002041208,0.000987222,0.001264652,0.000669936,0.000317132,0.007520467,0.00748854,0.006582915,0.003509195,0.002473416,0.000275178,0,0.008098963,0.000614887
D49,Disease,3.818581933,10.14496939,1.948879326,0.200203436,0.307305084,0.007802395,0.025554135,1.676368701,1.453927055,1.446063304,0.005952093,0.006650168,3.57E-05,0.009104306,0.031408421,0.032712858,0.001851087,0.439727991,0.039303393,0.59726152,0.019409603,0.003288178,0.075590682,0.003481704,0.085658989,0.008701761,0.082603838,2.52E-05,0.001994949,0.007664821,2.62E-05,0.004074678,0.007613745,0.001515462,0.001839867,0.002645802,0.011402971,0.001706342,0.001942859,0.004755214,0.001439807,0.016842963,0.004646945,0.001423258,0.001200556,0.011780637,0.00329493,0.009763725,0.001085656,0.002373859,0.000519261,0.002026758,0.007056206,0,0.019116621,0.000727315
D50,Disease,0.174848489,1.282104133,0.003235987,0.005433186,2.708460283,0.000962134,0.044802715,0.023133256,8.76E-05,3.57E-05,0.011379917,0.011599023,8.26E-05,0.03076972,0.004186117,0.791497832,0.012032054,5.13E-05,0.018621406,0.020282688,0.000423285,0.002777875,0.000105558,0.004388955,0.000142834,0.001480781,0.012964659,0.01136332,0.002305236,0.005894823,0.001204922,0.004399273,0.001171001,0.003031284,0.36050929,0.000528295,0.011439856,0.002852057,0.001483779,0.001274997,0.005649961,0.00569547,0.003628067,0.002761568,0.00085,0.003995311,0.158220462,0.187740014,0.00094558,0.004415985,0.001153766,0.002610855,0.001253356,3.54E-05,0.000171422,0.001326355
D51,Disease,1.236798934,0.11995782,1.491022523,0.047755815,0.025337896,0.017827464,0.003276585,0.004286345,0,0.000387742,0.000761746,0.000839957,0.044088125,0.040766247,0.017032213,0.00163236,0.005214404,0,0.004390663,0.060351525,0.010541564,0.007513521,0.002859043,0.000313806,0.000353425,0.002954809,0.013792215,0.000114589,0.000192852,0.007050707,0,0.010493559,0.003295064,0.000148093,0.000954347,0.001307791,0.009168989,0.000101171,7.56E-05,9.78E-05,0.007580957,0.005807424,0.006859983,0.066091004,0.000186653,0.007318257,0.004128757,0.001872957,6.85E-05,0.001437057,0.000120921,0.012142293,0.004554467,0,0.004686147,2.72E-05
