Species,H1,H3,H5,H9,H10,H11,H14,H15,H17,H18,H19,H20,H21,H22,H24,H25,H26,H29,H31,H32,H33,H35,H37,H38,H39,H40,H41,H42,H44,H46,D1,D4,D5,D6,D8,D12,D13,D15,D16,D18,D19,D21,D27,D28,D29,D30,D32,D34,D36,D39,D40,D42,D43,D44,D45,D46,D48,D49,D50,D51
Faecalibacterium prausnitzii,4.382310299,13.44688746,3.602268294,4.514630713,11.06524959,12.00636043,16.09963812,28.63720517,24.18690915,15.60438386,38.90949519,8.410095294,8.4766795,9.10368952,8.731387603,5.477173584,0.623294333,31.54174968,20.23649718,5.731908709,9.968070693,28.96279659,20.26934956,11.61272029,0.508122225,8.232121904,0.242287087,6.847371806,0.026716851,0.103652281,14.44974383,5.054150521,10.06597618,15.5859554,0.78298026,0.807224117,20.74791064,5.120909392,0.115970367,0.356980715,4.086552723,7.203376621,9.978468198,12.11085704,0.175941182,11.62227134,10.6011191,4.395316833,8.109804919,10.04693717,7.776981249,4.164354862,5.714066326,8.336126295,2.497217057,3.855445928,8.228330172,3.818581933,0.174848489,1.236798934
Escherichia coli,0.894378927,0.051668032,3.604079366,1.030164131,0.587242484,5.262083307,0.051680635,0.019688516,0.056442421,0.307767154,0.030882862,0.057414906,0.116367787,0.527769345,5.468290418,0.140718837,19.7636359,0.049619639,14.69979373,0.389653034,1.046396438,0.045136359,0.118403681,2.096436608,0.295152401,8.597298855,7.553463742,0.019850407,28.21750136,24.12300527,4.250317524,1.159463102,0.604889134,0.032219055,36.6157595,2.455766083,22.71192487,0.149157888,10.11674865,10.2658786,0.50028806,0.337287604,0.440501151,2.617808314,14.73315305,29.71770877,0.154085098,21.55824811,49.34478411,2.954679353,13.79811148,0.804633606,0.151507313,19.96660741,18.1929268,0.011174294,0.474509572,10.14496939,1.282104133,0.11995782
Phascolarctobacterium sp. CAG:207,8.344985628,0.073031689,1.02990325,0.684394805,4.409297979,5.051698987,0.013341354,0.972412406,2.657750068,1.525880767,3.308565999,1.108018934,0.042852723,0.004242756,6.950290191,0.047030174,2.539277982,0.010781966,0.477265553,2.019153251,5.541271271,0.049089527,2.131831371,1.153109978,0.000188188,0.12033743,0.006521582,0.181371131,0.011825228,0.001222082,3.408270387,0.014335699,0.226040786,0.169951737,0.001660375,0.458369877,1.271248613,0.004509605,0.461837018,1.521874552,0.00398439,0.676470266,0.013988895,1.900287715,0.00651636,1.921976663,0.000990139,0.000337762,0.073989322,0.000256429,0.00025458,0.001401666,0.656169074,0.105508195,0.000447358,0.807027734,0.294548127,1.948879326,0.003235987,1.491022523
Clostridium sp. CAG:43,0.891931178,0.074983044,0.04351305,0.908123912,0.211578082,2.253144493,0.731902995,0.036484969,1.239552705,1.145689115,2.234095611,0.27537562,0.291674241,0.92900849,0.391126659,0.948569605,0.01159529,0.413992907,0.321787685,1.308236627,0.935761892,0.283151446,0.015010187,0.535352945,0.003305063,0.011219847,0.026101428,0.757715803,0.000334124,0.000682779,0.003782992,0.282055534,1.48225591,0.432424139,0.005098641,0.008632761,0.024572221,0.052894199,0.985790162,0.005228474,1.057262684,0.243355211,0.254147232,0.258736185,0.013254132,0.310732669,0.211165406,0.138905335,0.006848129,0.136724017,0.00012812,0.004250558,0.507549491,0.039271042,0.027761659,0.352929995,0.278358318,0.200203436,0.005433186,0.047755815
Ruminococcus gnavus,0.191425501,0.027014966,0.028717921,0.660201036,0.05326563,0.071764315,0.054539658,0.161912834,0.084261091,0.127370377,0.058342266,0.073597732,0.047966789,0.046811128,0.111379604,0.033191203,0.119375934,0.028500055,0.036335463,0.143723243,0.089484128,0.045258289,0.082492109,3.413364492,0.015685294,0.115259372,0.0027165,0.092803254,0.001603571,1.957166051,1.422217792,0.482484832,0.126669002,0.063537371,0.684601983,0.038439951,0.035991556,0.138497443,0.974016125,0.147027799,0.175786151,0.091059379,0.038512542,0.089607214,1.154324019,0.132458208,0.080018439,0.117864603,0.813655273,0.121774871,0.000177315,0.362297653,0.373805783,0.191639224,0.075661237,0.035016984,0.046971609,0.307305084,2.708460283,0.025337896
Eubacterium sp. CAG:38,1.157922766,0.194848777,0.008100819,0.047297343,0.004983071,0.061645389,0.038770505,0.057763524,1.445636823,0.012454757,0.118450067,0.153602984,0.12028611,1.957517457,0.040388056,0.089469598,0.007235601,0.045685578,0.047638647,8.957778151,0.026897097,0.137937717,0.730733123,0.022167458,0.268225463,0.021981706,0.028335346,0.639988031,0.000740127,0,0.00065668,0.123641948,0.013402607,0.021954105,0.01044095,0.988704368,0.009835193,0.015832259,0.043921402,0.012992093,0.022836525,0.038891187,0.055106706,0.038540663,0.00197158,0.013879482,0.168759567,0.052829076,0.003827816,0.031438762,0,0.339391098,0.067506702,0.101333531,0.009175317,0.038612239,0.029765056,0.007802395,0.000962134,0.017827464
Shigella sonnei,0.038079832,0.001502019,0.124478103,0.036444819,0.016642381,0.233487792,0.001885091,0.000790005,0.001383329,0.002170085,5.35E-05,0.000361286,0.004741724,0.020346579,0.212327628,0.006099019,0.735467793,0.00195911,0.609729039,0.018113658,0.029459253,0.000745163,0.004938445,0.077431106,0.014481446,0.308391837,0.301556743,0.000587024,0.161838399,0.777108006,0.153395854,0.04439133,0.024399611,0.001323421,1.298254464,0.120866169,1.030968122,0.005293587,0.463245981,0.355824345,0.011127675,0.01143601,0.017528166,0.089426578,0.479220209,1.377181322,0.005823766,0.946753589,2.201393591,0.101170252,0.585865543,0.032733582,0.005204834,0.870825659,0.791224912,0.000356111,0.02056661,0.025554135,0.044802715,0.003276585
Salmonella enterica,0.021438816,0.003717985,0.048882842,0.026784054,0.008488083,0.095836271,0.001461991,0.000512644,0.001036625,0.001923944,0.000694486,0.000753844,0.00857029,0.021277494,0.100452351,0.01153966,0.413203809,0.001677017,0.39601094,0.104038926,0.024324202,0.000495593,0.001722236,0.052263508,0.005205625,0.170676321,0.225409404,0.005060545,0.0728359,0.385141055,0.064940297,0.022179511,0.010699549,0.000963703,0.501714144,0.049449598,0.423267345,0.007905654,0.403646109,0.147946807,0.050896191,0.005464998,0.017573751,0.060774687,0.49807533,1.031782033,0.004113741,0.382714265,0.797008172,0.046382537,0.226997521,0.022276461,0.00301966,0.361255059,0.333858622,0.000633695,0.139080526,1.676368701,0.023133256,0.004286345
Thermodesulfovibrio thiophilus,0.008176765,0.000191102,8.08E-06,0.004667319,0.035980124,0.023394832,0,0.000154822,0.005809017,0.041948316,0.00889519,0.015672583,6.08E-05,0,0.348536405,4.64E-05,0,0,7.14E-06,0.000978456,0.030486291,0.008452053,0,2.47E-05,0,0.018223554,1.12E-05,0,3.597017866,0,0.00456392,0,0,3.75E-06,0,0,9.73E-05,7.44E-05,0,0.050050872,0.001034175,0,0.006419404,0,0,0,0,0.010507203,0,0.115111314,0,0,0,0,0,0,0,1.453927055,8.76E-05,0
Leucothrix mucor,0.008907573,0.000148084,1.76E-06,0.004675713,0.000978844,0.020623575,0,0,1.50E-05,0.049325945,9.98E-07,0.002378425,7.22E-06,1.30E-06,0.05406814,4.47E-06,0,0,6.99E-06,0.000921865,0.01226081,0,3.11E-06,1.32E-05,2.71E-06,0.006598291,4.87E-06,0,3.233588316,0,0.004453303,0,0,3.67E-06,0,0,0,1.10E-05,4.23E-06,0,0.001061879,0,0.002088617,0,0,0,4.52E-06,0,0,0.027169064,0,0,0,0,0,0,0,1.446063304,3.57E-05,0.000387742
Shigella dysenteriae,0.009620225,0.000242134,0.031853397,0.008004012,0.005027531,0.074231601,0.000555542,0.000220399,0.000198273,0.000542715,1.16E-05,7.81E-05,0.001288134,0.005809001,0.058947718,0.00180358,0.1898405,0.000554763,0.191984412,0.002515568,0.007214686,0.000151381,0.000912339,0.021012555,0.002849249,0.077047201,0.08027508,6.38E-05,0.041149418,0.266706044,0.045769051,0.013276506,0.007749659,0.000353803,0.32048939,0.021181708,0.188347258,0.001383569,0.10855901,0.096212667,0.002804741,0.002466651,0.004762226,0.019682992,0.13922059,0.333354967,0.00133857,0.253116024,0.500905198,0.028088707,0.143491104,0.009262945,0.001367123,0.232538529,0.186062381,0.00015202,0.004638302,0.005952093,0.011379917,0.000761746
Shigella flexneri,0.009958465,0.000352261,0.030515404,0.007403424,0.006796371,0.098550192,0.00069007,0.000124589,0.000206027,0.000777136,2.71E-05,7.78E-06,0.002063196,0.007141366,0.056464989,0.001888875,0.164282154,0.000508678,0.230053326,0.003749364,0.008848413,0.000262191,0.000807816,0.022031866,0.003654328,0.071219716,0.078535661,0.000113483,0.061532756,0.176706944,0.030125522,0.009615349,0.008474645,0.000423522,0.194052767,0.02199611,0.197908361,0.00355169,0.128702606,0.082901042,0.003540005,0.003828276,0.004149749,0.026600892,0.115660287,0.319634668,0.001620256,0.194735621,0.523235941,0.026620158,0.116179684,0.007081846,0.001126233,0.375320617,0.201012989,6.93E-05,0.012206653,0.006650168,0.011599023,0.000839957
Collinsella sp. 4_8_47FAA,1.48E-05,0.021383732,0.247909169,3.28E-05,0.019313075,0.020112976,0.060655325,8.51E-06,0.034953194,0.022806654,0.012820074,6.31E-05,0.070444402,0.013341621,0.000268317,0.154086128,5.17E-05,0.018175015,0.018912193,0.00485073,8.51E-05,0.053937268,0,0.000988459,0.000127753,0.164024192,0.000377483,0.020950058,0.007750008,0,6.31E-05,0.569244213,0.024974306,0.050842243,0.000130575,0.000107485,0.025851671,0.190029642,0.065819319,0.115945413,0.049922296,0.030099596,0.080547794,0.02799931,0.000185146,0.079301007,4.85E-05,1.11E-05,0.163418757,0.330660375,0.073853945,0.001483603,0.214644694,0.0997443,0.036030604,0.004670335,0.016071293,3.57E-05,8.26E-05,0.044088125
Lachnoclostridium sp. An196,0.03890294,0.07485394,0.027740522,0.100294517,0.047997228,0.106854458,0.075171898,0.01951505,0.085089954,0.048036997,0.0436645,0.054789178,0.093581409,0.060172678,0.102106838,0.068247573,0.011279998,0.017358998,0.02857774,0.031891552,0.039047267,0.100926983,0.226046241,0.071236707,0.013329079,0.005870259,0.003145753,0.081870355,0.000331706,0.000795656,0.020971377,0.021746279,0.136124245,0.068053055,0.014141196,0.012316164,0.017867206,0.019769978,0.003483601,0.021648641,0.010928773,0.021331654,0.051214555,0.0572155,0.002091586,0.020522256,0.146105968,0.030814037,0.006247493,0.179024567,8.12E-05,0.005896678,0.024861733,0.039444699,0.021787664,0.043379665,0.028521074,0.009104306,0.03076972,0.040766247
butyrate-producing bacterium SS3_4,0.024644958,0.027815805,0.013285945,0.213516686,0.044877969,0.063114766,0.049326318,0.271073621,0.042536859,0.020667505,0.040972033,0.021470071,0.041147592,0.061427065,0.131769764,0.073850064,0.006061129,0.02453187,0.048094537,0.11132803,0.051798333,0.030195537,0.19994831,0.048259912,0.06952732,0.021237599,0.005337356,0.062596933,5.82E-05,0.004859511,0.016481933,0.038173239,0.06396935,0.042322679,0.023344459,0.012215816,0.017562852,0.034946593,0.028786799,0.018003166,0.023905204,0.019979149,0.022356847,0.119345545,0.002531743,0.046363257,0.051063408,0.016832847,0.031546726,0.058581559,0.000574226,0.021162031,0.02360442,0.018111546,0.01643525,0.058237643,0.031864226,0.031408421,0.004186117,0.017032213
Ruminococcus gnavus CAG:126,0.024619681,0.000774399,0.002098724,0.037765534,0.003042121,0.007234808,0.0016599,0.007557228,0.002628948,0.006528514,0.001403485,0.000536384,0.000914497,0.002068751,0.009315662,0.001404349,0.019719346,0.000793198,0.002046507,0.009760897,0.004065891,0.001371676,0.006991083,0.883683041,0.001600168,0.008919782,9.31E-05,0.002748846,0.000121391,0.188860658,0.107645429,0.040027123,0.006498371,0.002818209,0.032322666,0.004831503,0.000645522,0.004461969,0.097237032,0.020323855,0.013372731,0.000984054,0.000844156,0.007360758,0.110077674,0.01030186,0.002866895,0.009910152,0.066562962,0.001701523,1.63E-05,0.048606584,0.038895775,0.014425408,0.009778297,0.000807689,0.00241221,0.032712858,0.791497832,0.00163236
Streptococcus anginosus,0.002216088,9.61E-05,0.000550563,0.003637771,0.005422285,0.001172827,0.000326165,0.00071718,0.001084699,0.001258918,0.00139449,0.001865475,0.001684939,0.000999748,0.002790541,0.000576254,0.045913715,0.001287913,0.000187555,0.001671334,0.000610585,0.002631731,6.85E-05,0.000258433,0.000567622,0.000210493,0.156005064,0.004428801,0.003146356,0.164075423,0.001746597,0.001606001,0.000908968,0.00139412,0.008336331,0.054177746,0.000692127,1.233535775,0.036960845,0.021669711,0.021357751,0.001562711,0.002160277,0.001796999,0.245052506,0.00307853,0.000137222,0.001198565,0.000817545,0.002111945,0.329764067,0.001468055,0.001335699,0.014570905,0.000147634,0.000873911,0.001891698,0.001851087,0.012032054,0.005214404
Aquimarina macrocephali,0.003508528,4.72E-05,0.000575607,0.004315242,0.038237303,0.011938934,0,4.02E-06,0.003464653,0.027029,8.91E-05,0.00023395,0,0.000350376,0,0.000227745,0.000379493,0,4.18E-06,0.000465324,0.017350025,0.001124104,5.58E-06,4.74E-06,0,0.002353631,0,0,1.25188357,0,0.001861929,0,5.75E-05,5.00E-05,4.75E-06,0,0,0,0,0.053555661,0.00035172,0,0.001622193,0,0,0,1.21E-05,0.006714889,0,0.028920222,0,0,1.51E-05,0,0,0,0,0.439727991,5.13E-05,0
Clostridium perfringens,0.002662267,0.003415872,0.010719704,0.030409514,0.001956859,0.011976604,0.006885123,0.018776183,0.009877601,0.012658035,0.006753121,0.005458833,0.004314041,0.003150597,0.033565202,0.003143677,0.005539988,0.008733097,0.00479401,0.00218598,0.011354524,0.006186612,0.008817277,0.007011403,0.003840658,0.009185497,0.000929214,0.014741016,0.00028086,9.18E-05,0.011871286,0.0093034,0.011597114,0.083123426,0.019781751,0.004601373,0.003724975,0.106159353,0.043003087,0.009186424,0.129618124,0.008606528,0.009093357,0.021649378,0.065194259,0.963605322,0.010747826,0.003873527,0.010731478,0.01457402,0.000175606,0.009837163,0.001746853,0.008450284,0.004584161,0.002747131,0.012875353,0.039303393,0.018621406,0.004390663
Clostridium sp. CAG:7,0.833979475,0.114478166,0.053957737,0.381355613,0.296495962,8.712028281,0.490502821,1.969510678,0.03226114,0.750481338,2.830690843,0.455709704,0.213606877,1.164825486,0.46148617,0.514774708,0.021340021,0.282068555,0.249303452,10.85455337,0.478230512,0.429017314,0.243321853,1.751513197,0.034507783,0.097959905,0.014019673,0.307779493,0.001244984,0.00597297,0.137043402,0.058784001,0.251383822,2.284653212,0.011624336,0.035270119,0.11350072,0.037075344,1.010822414,0.168826706,0.170440891,0.058882122,0.360327414,0.818740159,0.038578739,0.040703403,0.232885413,0.057175859,0.043487302,2.468740923,0.000444869,0.031159977,0.0327942,0.019459836,2.084364429,0.382757764,0.153124927,0.59726152,0.020282688,0.060351525
Eubacterium sp. CAG:248,0.005379813,0.003431725,0.001309329,0.004933008,0.064905152,0.017332003,0.012891527,0.082069764,0.548667423,0.040229005,0.02106092,0.03175045,0.014940221,0.422200651,0.115483755,0.009733419,0.001191997,0.002698539,0.01060637,0.025153668,0.048375014,0.430356292,0.003468619,0.002538833,0.026343467,5.83E-05,0.041514112,0.856774195,4.40E-06,0.000130876,0.000195079,0.007521043,0.010286591,0.012854091,0.004836261,0.002664189,0.008914583,0.002742188,0.001852091,0.000988631,0.002772821,0.044099065,0.008154263,1.938411824,0.000343435,0.00050729,0.009151343,0.013469354,0.000558364,0.021926957,0,0.003661958,0.011107396,0.003113436,0.060393144,0.01836371,0.038652476,0.019409603,0.000423285,0.010541564
Eubacterium sp. 38_16,0.131446611,0.009813198,0.032945432,0.026717112,0.032975582,0.005788349,0.009936102,0.005259445,0.019970799,0.168212809,0.014093504,0.020365122,0.019915683,0.010772152,0.116112574,0.012558144,0.003829339,0.024133671,0.008776149,0.030981754,0.010425003,0.027520908,0.004944414,0.009801937,6.71E-06,0.295642673,0.000197925,0.014902857,2.13E-05,0,0.002549437,0.019363234,0.012737349,0.022809366,2.89E-05,3.38E-05,0.006371683,0.002659317,0.000358549,0.088196334,0.296358651,0.0144566,0.083605826,0.020264335,3.72E-05,0.002780196,0.005403013,0.002540896,0.005809174,0.011868298,0.000434081,0.007273575,0.000695791,0.000623357,0.008828267,0.004934715,0.007850253,0.003288178,0.002777875,0.007513521
Lactobacillus rogosae,0.005617391,0.008548251,0.002487127,0.023373978,0.006830108,0.045915077,0.041243729,0.268956722,0.033220305,0.01866331,0.0466125,0.116988735,0.03972543,0.010442108,0.175016834,0.011956275,0.004068145,0.003553488,0.046829053,0.056152471,0.069279864,0.009808204,0.013336046,0.023056013,0.04068143,0.003856858,0.001220501,0.033698204,6.86E-06,0,0.00131417,0.013901434,0.006953008,0.038998786,0.001404796,0.006664923,0.005406333,0.012053885,0.001259339,0.004640603,0.019400717,0.024785845,0.033587068,0.067322173,0.000733041,0.000563629,0.018922154,0.04846918,0.003508018,0.005118886,0,0.005267774,0.002681461,0.002477409,0.008452353,0.013198822,0.00828319,0.075590682,0.000105558,0.002859043
Citrobacter koseri,0.003078695,0.000922394,0.008749857,0.005027587,0.001770982,0.01979575,0.000218359,3.55E-05,0.0001378,0.000287925,0.000107051,0.000149184,0.001523142,0.00485528,0.014889855,0.000654565,0.060268098,0.000295789,0.048169435,0.019427487,0.003412643,8.37E-05,0.000553197,0.010427177,0.000851692,0.023416673,0.043102125,0.001654877,0.013723518,0.066789636,0.01519874,0.003953877,0.001394013,0.000163146,0.112274897,0.008279922,0.063678699,0.002006305,0.092443605,0.025000105,0.013138607,0.00108561,0.001765044,0.013603186,0.037646815,0.12611914,0.000762204,0.070843837,0.162329256,0.008393937,0.052347265,0.0047623,0.000467588,0.069943482,0.064086807,7.29E-05,0.02692999,0.003481704,0.004388955,0.000313806
Eubacterium sp. CAG76_36_125,0.002902676,0.007236842,0.003465253,0.013924435,0.001053553,0.053911703,0.040551489,0.183991892,0.015159208,0.009428284,0.019933339,0.14664411,0.047587763,0.008373688,0.13771451,0.001550514,0.000822047,0.001360783,0.064589869,0.021876043,0.052049047,0.005307588,0.018435505,0.005542741,0.02763219,1.17E-05,0.00034651,0.01051988,6.94E-05,0,5.32E-05,0.001983083,0.005187934,0.102700436,0.000879116,0.002986035,0.00605833,0.002602346,0.001650387,0.001298638,0.003257652,0.000373854,0.021871139,0.08016105,0.002217796,0.001296822,0.002443619,0.036375214,0.001655117,0.001208385,0,0.001979053,0.002662994,0.001777439,0.00425169,0.006862977,0.011784234,0.085658989,0.000142834,0.000353425
Clostridium sp. CAG:81,0.015346432,0.009781813,0.00442333,0.092005304,0.013268149,0.031541086,0.014959947,0.072113169,0.026108862,0.007819525,0.033653701,0.010446356,0.011103389,0.015093152,0.056037554,0.019003885,0.002040343,0.003039435,0.01384293,0.031903842,0.019866646,0.005710497,0.057125287,0.013789643,0.011133106,0.002049345,0.001094676,0.021283802,5.18E-05,0,0.001576025,0.008259706,0.037855649,0.011483868,0.002249093,0.004240171,0.006716799,0.01055119,0.009008607,0.013191244,0.012894732,0.005982549,0.008350115,0.047926159,0.000525438,0.012213438,0.013152734,0.00395943,0.005846982,0.012718865,0,0.008269344,0.006517051,0.001462578,0.008205337,0.023103453,0.00722719,0.008701761,0.001480781,0.002954809
Candidatus Stoquefichus sp. KLE1796,0.019164213,0.00500286,0.004748566,0.012783654,0.003226513,0.000992367,0.002806324,0.017338816,0.001767191,0.01247782,0.002798756,0.001480808,0.005046244,0.003148842,0.006960916,0.007749449,0.033851566,0.002642271,0.001481398,0.001739057,0.008883275,0.001787001,0.000886004,0.018348412,0.000591154,0.012322684,0.000158523,0.003002862,8.16E-06,0.003429135,0.004320703,0.012987716,0.002945534,0.005673361,0.007703108,0.42146529,0.003909525,0.018240815,0.007097217,0.008272898,0.010676053,0.003082846,0.00409399,0.005933023,0.002160526,0.002622622,0.003146446,0.00533152,0.00587996,0.012978966,8.59E-05,0.012803225,0.00941696,0.008987405,0.004357401,0.004644374,0.008635727,0.082603838,0.012964659,0.013792215
Enterococcus asini,1.40E-05,0,9.50E-05,0,0,0,0,0,0,3.94E-06,0,0,4.32E-05,9.35E-06,0.000218895,0,6.19E-05,0,0,0,0,0,3.40E-05,7.33E-06,0.000646728,0,0.002188328,0.000120878,3.15E-05,0,4.29E-06,9.65E-06,8.69E-06,3.00E-05,0.000577992,5.23E-05,2.81E-06,4.69E-05,2.59E-05,5.15E-05,0.003304045,3.83E-06,0,0,0.000566395,0,3.69E-05,0.000105029,1.37E-05,0,0.882196487,0.000394355,0,7.92E-05,0,0,3.42E-06,2.52E-05,0.01136332,0.000114589
Shigella sp. SF-2015,0.002194854,9.42E-05,0.007826049,0.00199297,0.001031613,0.018051876,0,6.35E-05,0.000128069,0.000146578,0,0,0.000457924,0.00125076,0.013402589,0.000466059,0.032806073,0.000122077,0.045031046,0.000592305,0.001994736,7.14E-05,0.000138127,0.004202403,0.000712838,0.014835022,0.021660601,0,0.009125184,0.077315192,0.008942342,0.002290297,0.002006543,6.33E-05,0.049533963,0.005357504,0.05425221,0.000293509,0.026469295,0.015380056,0.001018428,0.000642383,0.000792392,0.004542861,0.024029479,0.074118587,0.000368067,0.062327357,0.131768686,0.006263001,0.046608984,0.00224334,0.000101399,0.065676892,0.054139057,2.08E-05,0.001098359,0.001994949,0.002305236,0.000192852
Clostridium aminophilum,0.007300488,0.018053523,0.010842236,0.030941905,0.012669736,0.0125949,0.037651778,0.031090182,0.031097172,0.017744047,0.017832709,0.038611722,0.021941004,0.012234662,0.020379497,0.01557756,0.010491621,0.022827495,0.008654585,0.024646667,0.020743616,0.0187602,0.027212807,0.016560043,0.004154069,0.011347463,0.000741379,0.026612384,5.27E-05,0,0.011050856,0.024267565,0.017190581,0.018424011,0.004359856,0.005040298,0.010815608,0.012243847,0.004050173,0.004480609,0.013477402,0.016783956,0.019725078,0.017569174,0.00026447,0.007981776,0.013410532,0.009099408,0.005116112,0.02272297,0.003354349,0.0162009,0.038768953,0.01001881,0.009672369,0.00971336,0.023247888,0.007664821,0.005894823,0.007050707
Enterococcus avium,0,0,0,0,6.31E-06,0,0,0,0,8.61E-06,0,0,0,0,0.001777884,0,0,0,0,6.23E-06,0,0,0.026623177,4.51E-06,0.000505835,2.99E-05,0.002482021,0.005899495,9.27E-06,0.019726367,0.000109406,9.36E-06,3.18E-05,0,0.022167066,0.000144162,0.000116182,0,0.000210827,0.043497416,0.000639519,0,3.50E-06,0,0.368842615,0.000134255,0,8.94E-06,0,0,0.36296059,0.003259898,1.02E-05,0.001631245,0.008825033,0,0,2.62E-05,0.001204922,0
Lachnospiraceae bacterium 10-1,0.002424963,0.019988264,0.009104745,0.034701671,0.015777156,0.024266395,0.024380525,0.028634311,0.034552818,0.020316344,0.016327101,0.009542298,0.077946703,0.005307235,0.023594025,0.019277379,0.007977214,0.009405589,0.007405958,0.015908351,0.010228714,0.016407148,0.004407606,0.025102173,0.010446862,0.008332329,0.00072417,0.018968833,0.000287555,0.002698314,0.00411294,0.015733184,0.007360849,0.006459713,0.010859487,0.009991203,0.007678678,0.013125271,0.015112073,0.003839752,0.008205117,0.007924997,0.024853863,0.033777009,0.001062149,0.00511136,0.031644548,0.004703858,0.002043568,0.016985694,0,0.007440615,0.018852378,0.004980734,0.005885141,0.011954288,0.018521906,0.004074678,0.004399273,0.010493559
Firmicutes bacterium CAG:24,0.003773702,0.013591567,0.013118603,0.00982455,0.001626807,0.008808479,0.032351648,0.004210478,0.051930049,0.035433564,0.024225422,0.01153589,0.006957506,0.007656855,0.02404556,0.009237281,0.005799035,0.019292497,0.003858192,0.060201615,0.015837579,0.057838099,0.003101891,0.016382787,0.00783545,0.011179925,0.000253033,0.009492575,0.000253462,0,0.000944703,0.002651354,0.013960571,0.063966725,0.002377926,0.002852078,0.031458757,0.012492847,0.001260259,0.000358937,0.004546616,0.01190707,0.010617935,0.024317019,0.000250906,0.000137196,0.007947471,0.078257941,0.001849524,0.013790978,0,0.000188777,0.001278249,0.004380281,0.006466006,0.008870644,0.004129971,0.007613745,0.001171001,0.003295064
Escherichia albertii,0.002878483,7.17E-05,0.004491601,0.002889221,0.000912895,0.00955555,5.96E-05,3.62E-05,6.93E-05,7.92E-05,0,0,0.000175527,0.001076759,0.009960029,0.000219459,0.055426815,0.000228969,0.024306551,0.000539613,0.001618468,4.18E-05,0.000237923,0.004252084,0.000537408,0.023391216,0.022043533,0,0.007702792,0.060942888,0.008473724,0.002661417,0.001409406,0.003255194,0.080747662,0.004744586,0.031318321,0.0001813,0.021579077,0.021115418,0.000499933,0.001434359,0.000936192,0.002619971,0.034024216,0.075156401,0.000287696,0.046668289,0.08323908,0.004547789,0.02938833,0.001843783,0.000319323,0.036018621,0.033489888,2.84E-05,0.000664606,0.001515462,0.003031284,0.000148093
Erysipelatoclostridium ramosum,0.002481478,5.23E-05,0.000310061,8.22E-05,0.000136799,0.000618931,0.000262469,6.62E-05,0.000738148,0.003266521,5.24E-05,5.05E-05,0.000116607,0.000180201,0.002614377,0.000357012,0.001722579,7.20E-05,6.97E-05,0.001489286,0.001612929,0.000388917,0.00564798,0.00012979,0.001583145,0.002808983,5.33E-05,0.000461445,9.74E-05,0.05261,0.015925127,0.045822036,0.000510058,0.000155269,0.094434221,0.012188508,0.008974123,0.003273936,0.000920314,0.030756435,0.000775762,3.63E-05,8.04E-05,0.015858456,0.009101917,0.000467797,3.26E-05,0.00011269,0.002805699,0.000248743,5.52E-05,0.043194225,0.000334822,0.022171923,0.009628036,0.000204015,0.000176358,0.001839867,0.36050929,0.000954347
Roseburia sp. CAG:100,0.00341925,0.010825651,0.001355125,0.00487853,0.001453282,0.015317248,0.005320459,0.013288426,0.016352372,0.01756727,0.005961612,0.003742634,0.082972083,0.003841956,0.014536463,0.008404725,0.001101717,0.124381555,0.009023524,0.009706117,0.01665421,0.013881738,0.007438997,0.011970688,0.002095719,0.004076513,0.002723453,0.071795679,0,0,0.00030158,0.009771994,0.010097648,0.005295722,0.001480583,0.001012627,0.003135557,0.007948236,0.000919257,0.006495941,0.0039965,0.00215318,0.009702597,0.023145794,0.000172306,0.000870637,0.012113924,0.002142906,0.001961969,0.008513946,2.87E-06,0.005831593,0.001566743,0.003485776,0.004232348,0.019529335,0.013245787,0.002645802,0.000528295,0.001307791
Clostridium glycyrrhizinilyticum,0.008976123,0.005358936,0.001034381,0.029299354,0.014510288,0.001285799,0.003417257,0.008279316,0.003569529,0.013060033,0.00195869,0.003003908,0.005558918,0.004343981,0.005908556,0.002540168,0.003903356,0.00122308,0.001902161,0.007247982,0.004821396,0.001642374,0.001818513,0.085458539,0.000865223,0.006272763,8.76E-05,0.003959515,0.000892503,0.002643365,0.028277193,0.00595989,0.005413147,0.003405177,0.030394752,0.002233627,0.003365494,0.003733481,0.00693278,0.079251367,0.02675442,0.009502552,0.003703485,0.010430535,0.002381758,0.022184634,0.004662137,0.001547715,0.025958332,0.008328302,0,0.011351527,0.022887575,0.051986152,0.001047838,0.003521967,0.003786832,0.011402971,0.011439856,0.009168989
Citrobacter youngae,0.00086286,0.000683807,0.006029417,0.001474249,0.000520907,0.005744708,7.95E-05,9.92E-05,0.000566846,0.000408802,1.55E-05,3.48E-05,0.001609857,0.005341606,0.006206626,0.000388739,0.034998311,0.000258391,0.015494268,0.006561551,0.003730145,3.05E-05,8.15E-05,0.004717112,0.000383204,0.015126898,0.014217219,0.000463699,0.004565628,0.033149291,0.008421462,0.002567502,0.002056202,5.70E-05,0.038083058,0.001742643,0.040494593,0.000815612,0.028579292,0.015540288,0.004024047,0.000425065,0.001278142,0.003493191,0.023937504,0.043981801,0.000344364,0.026889014,0.05624398,0.005251954,0.016287841,0.001744665,0.000251004,0.023787342,0.034026232,0,0.075753263,0.001706342,0.002852057,0.000101171
Cronobacter turicensis,0.001571489,0.000384465,0.003743189,0.002685315,0.00051696,0.007624223,8.28E-05,1.77E-05,3.31E-05,0.000118359,0,1.79E-05,0.000694746,0.001679752,0.006602154,0.00022519,0.023331199,7.36E-05,0.01883919,0.006651865,0.001001837,3.45E-05,0.000171079,0.004219353,0.000489682,0.011859671,0.027040008,0.000967963,0.004797703,0.034679864,0.005294718,0.001355249,0.000654214,3.85E-05,0.037217341,0.002436899,0.02865089,0.001508933,0.056497423,0.011139945,0.010186702,0.000335623,0.000597169,0.007899932,0.013820221,0.076727159,0.00024876,0.033561021,0.059528369,0.003285368,0.022543545,0.002850574,0.000160609,0.032206638,0.028167825,0,0.004842575,0.001942859,0.001483779,7.56E-05
Enterobacter asburiae,0.001275628,0.000907983,0.00343698,0.001925733,0.000605208,0.011732824,0.000121136,3.13E-05,4.25E-05,9.52E-05,3.76E-05,0.000383779,0.002636481,0.002729809,0.007255886,0.000280726,0.021078727,0.000108997,0.018396387,0.025142314,0.001455906,2.45E-05,0.000164034,0.003976108,0.000498037,0.019279746,0.019221146,0.001294521,0.005439464,0.029605769,0.005686343,0.001844697,0.000787724,4.99E-05,0.034723247,0.003189749,0.053440038,0.001928566,0.039700263,0.009169391,0.008485344,0.00035215,0.001806489,0.005568828,0.01400667,0.053840805,0.000144318,0.024006469,0.050990422,0.005291864,0.016668329,0.001992271,0.000109393,0.028604052,0.022739257,2.29E-05,0.029327963,0.004755214,0.001274997,9.78E-05
Clostridium sp. Marseille-P299,0.002805293,0.008349714,0.011247331,0.005746428,0.004223751,0.007616897,0.004914245,0.013262514,0.022598086,0.00592418,0.007673761,0.00511895,0.009429803,0.011132801,0.013497603,0.004388864,0.006619842,0.004709248,0.005276684,0.009692216,0.014982427,0.005669717,0.006660318,0.001128711,0.005933821,0.003688735,0.035929073,0.022485984,0.000198484,0.002745829,0.000738261,0.004285516,0.007112741,0.002042184,0.005576902,0.032738295,0.005302578,0.00717755,0.00152329,0.014903982,0.012280882,0.008210352,0.003789988,0.008019894,0.110508981,0.001757145,0.006035988,0.003680799,0.003332523,0.00522291,0.000797959,0.007710171,0.001188337,0.001104327,0.002797314,0.002150524,0.001499912,0.001439807,0.005649961,0.007580957
Bacteroides paurosaccharolyticus,0.028332072,0.007510196,0.001139249,4.64E-05,0.021430598,0.00799642,0.004672378,0.001778157,0.00612663,0.00893761,0.007549471,0.010458299,0.008487109,0.008249952,0.005372248,0.025349571,0.005900778,0.018126135,0.019936707,0.011348527,0.001527201,0.003594512,0.030750259,0.007841838,0.014187298,0.007471258,0.000763328,0.019903393,0.000532752,0.02040712,0.01416513,0.001132623,0.006972892,0.002467364,0,0.017863066,0.004456004,0.002270534,0.008247297,0.004105588,0.004989198,0.00533471,0.000972579,0.000703804,0.006934963,0.00112929,0.011247212,0.006270238,0.003765293,0.006065254,0,0.027114178,0.001252639,0.004375151,0.014221093,0.015592664,0.005412105,0.016842963,0.00569547,0.005807424
Clostridium sp. ASF356,0.027990801,0.005409259,0.0068673,0.022649737,0.002717527,0.012145332,0.005182826,0.001689694,0.025348466,0.004039389,0.002706646,0.006445012,0.005472025,0.006612328,0.006779002,0.005943399,0.018222448,0.002490964,0.003466727,0.014791007,0.008792892,0.017028815,0.010636111,0.006272428,0.000819777,0.009626721,0.000392685,0.010397339,0.000644737,0.02374781,0.000663885,0.001515009,0.012223344,0.004700445,0.00519771,0.006874745,0.011252487,0.005365103,0.002819145,0.005413976,0.004902986,0.006700531,0.0039871,0.011654234,0.000514694,0.003917615,0.012481561,0.0050718,0.000833269,0.002870875,6.20E-05,0.004951374,0.007465168,0.001854512,0.014801101,0.00161346,0.002041208,0.004646945,0.003628067,0.006859983
Bifidobacterium animalis,0.001392289,0.0036757,0.010829976,0.001490341,0.000714178,0.001304294,0.007042044,0.000806676,0.00435036,0.001312491,0.000357812,0.007166339,0.001776851,0.000871602,0.002524977,0.001606363,0.000356465,0.00115211,0.001204459,0.000931642,0.001064838,0.016515156,0.004904361,0.001278171,0.000481661,0.006639514,0.011671346,0.002236772,0.000135193,0.001532274,1.61E-05,0.017508146,0.000580715,0.0023306,0.01375138,0.009451464,0.002208151,0.003379903,0.002560368,0.003988658,0.000952585,0.016408861,0.001917806,0.000990092,0.016461752,0.025281183,0.000807744,0.081196475,0.003879036,0.005392932,0.016831417,0.002007503,0.008398471,0.004527157,0.002208798,0.000514629,0.000987222,0.001423258,0.002761568,0.066091004
Raoultella planticola,0.000955607,7.74E-05,0.002154266,0.001076315,0.000294735,0.006478667,6.57E-05,0,1.31E-05,6.85E-05,0,7.19E-05,0.000246425,0.002392541,0.006453867,0.000179186,0.016688468,0.00015055,0.014506081,0.006727206,0.000819961,1.60E-05,6.16E-05,0.002010547,0.000295455,0.006445637,0.010524124,0.000247303,0.003538107,0.039338288,0.004386861,0.001353359,0.000609625,2.50E-05,0.029079736,0.002395257,0.017712013,0.000271004,0.015326628,0.012201918,0.001771806,0.000440079,0.00073526,0.003369964,0.010953969,0.036169102,0.000134332,0.022773329,0.050134174,0.005164265,0.018132402,0.000766276,7.24E-05,0.022175678,0.020978588,0,0.001264652,0.001200556,0.00085,0.000186653
Gordonibacter massiliensis,0.001255568,0.009282296,0.015695916,0.002226899,0.007853685,0.000779111,0.00316801,0.000210822,0.005590221,0.003041185,0.000816908,0.002986419,0.002674989,0.002587317,0.031861943,0.001817441,0.020433457,0.001635451,9.20E-05,6.71E-05,0.002706796,0.002250814,0.002658626,0.00047535,0.00282419,0.001146046,0.001756097,0.003196453,0.000234594,0.00040259,0.006138965,0.059402125,0.003557496,0.008424263,0.009763151,0.018814242,0.011224048,0.023728495,0.002447109,0.009221571,0.001592113,0.001408266,0.003559291,0.001914805,0.00045444,0.003686358,0.002446757,0.012134633,0.009935996,0.004106612,0.001840627,0.021185584,0.004066599,0.012112647,0.001274094,0.002447223,0.000669936,0.011780637,0.003995311,0.007318257
Gordonibacter sp. An230,0.000129673,0.002638092,0.006249229,0.001922291,0.005150686,9.88E-05,0.002934447,0.000947289,0.002373238,0.000898463,0.001137704,0.002160558,0.002082289,0.001279649,0.013926555,0.001993287,0.005792033,0.001540429,0.000316304,0.000277558,0.000909543,0.002190433,0.000570826,7.16E-05,0.001230868,0.020736672,1.24E-05,0.001335233,0.000313154,0.000236535,0.003375526,0.028202304,0.001291883,0.00268167,0.008316209,0.005746114,0.002817132,0.017609752,0.002334754,0.004376845,0.000756955,0.00086953,0.004035942,0.001077049,0.001760698,0.003133301,0.002309351,0.00222696,0.006389705,0.002479801,0.00017392,0.015506016,0.003194642,0.004272661,0.000237341,0.000773317,0.000317132,0.00329493,0.158220462,0.004128757
Eggerthella sp. 51_9,0.000592864,0.002818032,0.0024521,0.001479594,0.002086104,0.000375127,0.002637217,0.00230173,0.001193633,0.000460439,0.003163097,0.002448064,0.007093626,0.000574454,0.011030031,0.002161566,0.001735017,0.001122814,0.001071035,0.000635076,0.001438972,0.001844285,0.000413125,0.001549403,0.001061021,0.001539297,8.21E-05,0.004122067,5.15E-05,0,0.000451966,0.011721006,0.001325747,0.00162281,0.021966351,0.000534124,0.000644568,0.00281303,0.000773427,0.004731966,0.008957491,0.001730941,0.002763563,0.01398178,0,0.001854916,0.003636692,0.00255586,0.004210881,0.002243315,0.000869952,0.001398837,0.00561872,0.003075896,0.00136104,0.000458695,0.007520467,0.009763725,0.187740014,0.001872957
Lelliottia sp. PFL01,0.000805427,8.81E-05,0.00258755,0.001037227,0.000359728,0.004948068,4.26E-05,5.11E-06,1.57E-05,5.41E-05,2.31E-06,3.52E-05,0.000343093,0.000843331,0.004910557,0.000121237,0.016362164,2.10E-05,0.015291374,0.003008328,0.000945963,2.63E-05,0.000128785,0.002056385,0.000162466,0.008352012,0.008309207,0.000162117,0.004016154,0.020059926,0.003513225,0.000913707,0.00055143,1.48E-05,0.032461187,0.002053821,0.021597659,0.000228433,0.017585875,0.007606077,0.000849753,0.000260358,0.000448446,0.00285968,0.010731042,0.033295363,5.47E-05,0.023706949,0.049779129,0.002256511,0.012610109,0.000677196,7.08E-05,0.020115845,0.015376379,0,0.00748854,0.001085656,0.00094558,6.85E-05
Lachnospira multipara,0.001957729,0.007223092,0.002021011,0.002218545,0.00415008,0.00538673,0.00851074,0.023004657,0.00728411,0.003886875,0.006745506,0.016023156,0.009996942,0.005740679,0.015391201,0.005082466,0.003420624,0.004909552,0.001703974,0.014272339,0.008236074,0.010700846,0.008293781,0.000381002,0.010968951,0.014896889,0.000295501,0.00978617,7.08E-05,0.001155968,5.97E-05,0.002240615,0.010382817,0.01997737,0.004043491,0.002932922,0.00111111,0.007313256,0.000236337,0.000231292,0.000550685,0.003755514,0.003111628,0.037501877,0.001570807,0.000435265,0.008007702,0.00122611,0.000341316,0.00518816,0,0.004548837,0.002914188,0.005112732,0.001526879,0.00514402,0.006582915,0.002373859,0.004415985,0.001437057
Citrobacter rodentium,0.000845053,1.79E-05,0.002319378,0.000779626,0.000515786,0.006103372,9.72E-05,0,3.40E-05,0.000103208,0,1.77E-05,0.000207965,0.000666873,0.005448836,7.37E-05,0.016219853,0.00012143,0.014441519,0.001518361,0.000736502,9.88E-06,2.28E-05,0.002117178,0.000198864,0.007395128,0.007378126,7.31E-05,0.004075475,0.015893165,0.003573483,0.001252232,0.000639422,4.49E-05,0.033557181,0.001998841,0.018265335,8.04E-05,0.009412854,0.009497249,0.000108705,0.00024057,0.000602604,0.001802709,0.010924116,0.027945305,0.000103652,0.024967371,0.053042982,0.002624407,0.014797726,0.000836878,1.79E-05,0.020320197,0.018995607,2.26E-05,0.003509195,0.000519261,0.001153766,0.000120921
Desulfitobacterium hafniense,0.000544904,0.007259615,0.009474042,0.002421053,0.010592064,0.008016428,0.005806533,0.002841995,0.002287296,0.011156369,0.013633422,0.00875364,0.008282893,0.003933378,0.003636781,0.004926529,0.00407158,0.011706242,0.006622934,0.001743296,0.012580731,0.005937632,0.002575294,0.013041904,0.018742509,0.003723221,0.01907595,0.010090564,0.000103341,0.000789224,0.003009358,0.008663168,0.007079363,0.006271549,0.001696397,0.00307035,0.01437918,0.006146445,0.003953213,0.001501609,0.004136113,0.002951832,0.004361741,0.004062636,0.00084813,0.001027862,0.004602393,0.004137892,0.001709506,0.002847191,0.000935894,0.001162217,0.001486112,0.004451137,0.002345958,0.002468663,0.002473416,0.002026758,0.002610855,0.012142293
Eggerthella sp. YY7918,0.000418137,0.006920931,0.010353824,0.000764304,0.004458185,0.001584607,0.00744931,0.000921084,0.001112941,0.004348192,0.002510451,0.001425353,0.005230896,0.004483885,0.017285443,0.002504805,0.00688052,0.001979665,0.00385981,0.000824266,0.00257514,0.002742793,0.000524763,0.000224797,0.000527294,0.002269851,7.99E-05,0.004603999,0.000221463,0.000497276,0.006568426,0.064091474,0.002161833,0.01055556,0.013998761,0.007152465,0.005358828,0.014380282,0.004394167,0.001567526,0.001182248,0.004794633,0.00432967,0.003203361,2.63E-05,0.001458751,0.002859876,0.009177971,0.00478559,0.013224392,0.003205152,0.01983816,0.00324088,0.013631348,0.002189906,0.000995839,0.000275178,0.007056206,0.001253356,0.004554467
Enterococcus sp. HSIEG1,2.78E-05,2.06E-06,0.000229017,0,0,0,0,0,0,0,0,0,0,8.08E-06,0,0,0,0,0,0,0,0,0,0,0.000510807,0,0.034016008,0.000933083,0,0,9.84E-06,0,0,0,0.001455587,8.67E-05,3.01E-06,0,3.93E-05,0.000199206,6.13E-06,0,0,0,0.003191171,6.73E-05,0,0.000197042,0,0,0.286947445,0.0003783,0.000498882,0.000278804,7.39E-05,0,0,0,3.54E-05,0
Prevotella amnii,0.000884783,0.004122543,0.003486701,0.002250087,0.00020593,5.32E-05,0.00507873,0.000523298,0.001135273,0.000208956,0.00046799,0.012641217,0.000260714,0.001584453,0.010442225,0.018386388,0.001869192,0.000265906,4.22E-05,0.000213962,0.002674751,0.005761289,0.004123174,0.006682904,0,0.008237609,0.000426772,0.000259427,0.004204582,0,0.014245048,0.006275101,0.007195199,0.00153331,0.000162963,0.007683161,0.003371222,0.024005459,0.003404371,0.041500024,0.018874688,0.007594415,0.004508495,0.019047179,0.005895709,0.009514451,0.004476818,0.001832807,0.005309374,0.000245026,0,0.000194992,0.00365981,0.000460522,0,0.00230422,0.008098963,0.019116621,0.000171422,0.004686147
Mycobacterium avium,0.000577026,0,0.004182689,0.000412425,0.000187558,0.002145644,0,0,0,4.48E-05,0,0,4.71E-05,0.000576741,0.002263886,0.000116173,0.004568439,1.57E-05,0.00896788,3.09E-05,0.000658532,1.56E-05,3.59E-05,0.001465732,0.000376033,0.00193024,0.005738919,0,0.001207548,0.02308872,0.00314107,0.000500252,0.00032598,0,0.010440877,0.001477931,0.020456623,0.000339022,0.007901579,0.004825432,0.000308326,0.000400743,0.000187983,0.005581317,0.004495003,0.013750201,0.000222021,0.015468087,0.109435102,0.002366944,0.010201888,0.00065085,3.10E-05,0.014710876,0.013554401,0,0.000614887,0.000727315,0.001326355,2.72E-05