Name,group,"4-{2-[(2-chlorophenoxy)methyl]-1,3-thiazol-4-yl}benzonitrile",Guanine,ethyl 5-ethoxy-1H-indole-2-carboxylate,"5-(hydroxymethyl)-4-methoxy-2,5-dihydrofuran-2-one",2-(Formylamino)Benzoic Acid,Temazepam-d8,L-Asparagine,3-Hydroxyvaleric acid,Avobenzone,"2-[(3S)-1-(3-Methoxybenzyl)-3-pyrrolidinyl]-1,3-benzothiazole",Neopterin,Biopterin,3-Coumaric acid,WPH,Norfenefrine,DL-α-Methoxyphenylacetic acid,1-Methylhistidine,Indole,N6-(2-furylmethyl)-9H-purin-6-amine,4-chloro-5-morpholino-2-quinoxalin-2-ylpyridazin-3(2H)-one,Cetirizine N-oxide,4-Aminobenzoic acid,"N-(2-quinolinyl)-2,3-dihydro-1-benzofuran-6-carboxamide",Glycine anhydride,"indole-5,6-quinone",L-Aspartic acid,Nicotinic acid,4-Coumaric acid,INH,mesityl(piperidin-4-yl)methanone hydrochloride,D-Phenylalanine,Kasugamycin,myricetin 3-O-beta-D-galactopyranoside,4-Morpholinepropanesulfonic acid,N-Acetylphenylalanine,"(2,6-dimethylmorpholino)(1-methyl-5-nitro-1H-pyrazol-4-yl)methanone",Ala-Leu,"2-chloro-6-(3,5-dimethyl-1H-pyrazol-1-yl)benzonitrile",LPA 16:0,3-Methylhistidine,NNK,4-Hydroxyisoleucine,Milbemectin A3,"1-allyl-9,9,9a-trimethyl-9,9a-dihydro-1H-imidazo[1,2-a]indol-2(3H)-one",N'-{[(2-ethoxyanilino)carbonyl]oxy}-2-(1-naphthyl)ethanimidamide,N-benzyl-N-methyl-N'-phenylurea,Hypoglycin A,DL-Carnitine,Nicotinuric Acid,5-methoxy-2-phenyl-4H-chromen-4-one,2-Hydroxy-6-Aminopurine,L-Glutamic acid,N-Glycolylneuraminic acid,"1-[4-(dimethylamino)phenyl]-4-phenyldihydro-2,6(1H,3H)-pyridinedione",Ureidosuccinic acid,"3-(2-thienyl)-1,2,4-oxadiazole-5-carbohydrazide",5-Hydroxylysine,5-S-cysteinyldopa,Tributyl citrate,Cholecalciferol,2-{(3S)-1-[4-(Trifluoromethyl)benzyl]-3-pyrrolidinyl}-1H-benzimidazole,8-Isoprostaglandin F1β,"7-(1H-pyrrol-1-yl)-5H-chromeno[2,3-b]pyridin-5-one",delta-Tocopherol,N1-(2-methyl-3-nitrophenyl)cyclohexane-1-carboxamide,7-hydroxy-3-phenyl-4H-chromen-4-one,1-[4-mercapto-2-(2-methoxyphenyl)-6-methylpyrimidin-5-yl]ethan-1-one,Uridine 5'-diphospho-D-glucose,"3,3,5-trimethyl-3H,11H-pyrano[3,2-a]carbazole","6-phenyl-3,4-dihydro-1H-2,5-benzoxazocin-1-one",Mazindol-d4,Propionylcarnitine,2'-Deoxyguanosine,"ethyl 3-hydroxy-4,6-dimethoxy-2-oxoindoline-3-carboxylate","4-(3-Methyl-5-oxo-4,5-dihydro-1H-pyrazol-1-yl)benzenesulfonic acid",2-acetamido-3-(4-methoxyphenyl)propanoic acid,TNH,Ergocalciferol,Kynurenic acid,Biliverdin,"4-(tert-butyl)phenyl 3,5-dimethylisoxazole-4-carboxylate","4-(3-methoxyphenyl)-4-methyl-2,6-dioxopiperidine-3,5-dicarbonitrile",PC (18:3e/6:0),N-(cyclopropylmethyl)-N'-phenylurea,Docosatrienoic acid,DL-Citrulline,4-(Diethylamino)salicylaldehyde,5-Hydroxymethyluracil,Tyramine,"2-(4-methylphenyl)-5-(3,4,5-trimethoxyphenyl)-2H-1,2,3,4-tetraazole",4-methylphenyl 1-ethyl-3-methyl-1H-pyrazole-5-carbothioate,Bicine,Sterigmatocystin,5-Hydroxytryptophan,Cytidine-5'-monophosphate,2-{4-[(5-methyl-3-isoxazolyl)carbonyl]piperazino}nicotinonitrile,trans-4-Hydroxy-L-proline,3-(4-chloroanilino)-2-(isopropylsulfonyl)acrylonitrile,N1-(4-morpholinophenyl)-2-methylbut-2-enamide,"4-(allyloxy)-1,2-dihydroquinolin-2-one",13(S)-HOTrE,Asparagine,Acetophenone,N1-[6-hydroxy-2-(2-pyridyl)pyrimidin-4-yl]acetamide,YNK,3-methyl-5-oxo-5-(4-toluidino)pentanoic acid,Naringenin,2'-Deoxyguanosine 5'-monophosphate (dGMP),3-Hydroxypicolinic acid,Azilsartan,Benzamidine Hydrochloride Hydrate,JWH 019 N-(6-hydroxyhexyl) metabolite,3-N-Methyl-L-histidine,"9-(2,3-Dihydroxy-3-methylbutoxy)-7H-furo[3,2-g]chromen-7-one",D-α-Hydroxyglutaric acid,Minocycline,Isobutyryl carnitine,"5,8-dihydroxy-10-methyl-5,8,9,10-tetrahydro-2H-oxecin-2-one",L-Ascorbic acid 2-sulfate,alprazolam-d5,N-{5-[(dimethylamino)sulfonyl]-2-methylphenyl}cyclohexanecarboxamide
H1,Health,8262364.096,20693293.48,5880727.962,730555.273,8925525.72,5180241.277,7435842.099,2671003.718,6127894.68,4209125.952,25781681.54,4999062.504,43301589.15,2468423.648,10794663.96,6981522.816,3174472.698,276938643.2,48802.68561,25705391.9,3948536.208,3324384.49,1982420.796,3322300.717,2982745.516,683627195.4,2887334503,66554247.72,3564428.435,244076.3731,19235172.9,4952079.01,42005.69223,1350694.502,6671893.923,5835142.962,15436496.44,2179924.681,294390.4507,19423702.69,16557832.13,614846319.8,23069062.37,1805621.237,5051926.227,20423468.34,16755732.19,1860578835,6062395.255,116287.1646,19372254.82,7422315514,27347669.04,9145665.253,27217328.1,35886730.66,4326638.915,2212404.649,2634098.905,54598003.14,2423700.368,51989029.65,341506.7631,54332379.71,216762.0465,1756166.749,1079245.408,1361612.956,2071228.043,3735931.066,5078231.544,915126.7558,32492647.55,675039.8793,290485.0481,14495541.15,1990341155,1759757.06,63945125.29,95991794.57,13892352.18,1960413.237,3348390.35,2573070.226,8617258.677,6456631.126,10167831.98,499627.8503,13468826.62,3494976.107,973057.7071,2145307.965,1305312.657,34958056.21,361148.3355,1689352.199,124768378,765226.1234,633791.8457,40494279.48,149621263.7,59853690.12,321465496.9,18256529.06,5793596.32,16784111.58,864018.0574,370609.7614,113921508.1,2020849.689,551971.0285,1129728.076,10950621.79,6694903.168,249639735.2,1486523.444,48171723.67,17638855.74,1312957.307,36912241.98,5129652.585
H3,Health,7485173.823,8008933.835,3126148.947,5291116.532,13171245.86,2389137.935,37352357.28,7416188.131,2772258.785,3479211.127,408805797.4,78766301.39,206786037.1,3258534.867,280397218.2,9990019.355,12874631.45,41725340.68,107078.3966,3308975.887,996286.7947,6493914.954,3161332.369,21503186.37,3251063.019,328928757.5,5324345339,81517809.71,4444036.668,361106.2676,18022256.8,31686846.42,137954.1636,2758052.917,79120505.14,11122934.59,8180749.088,3504579.531,789965.7416,8976457.62,12785467.53,94894182.83,8121148.257,4814271.23,430016.1414,18489335.68,120709203.6,607594227.8,4387215.41,167762.1565,8739621.809,17781827451,19136150.37,2771072.543,21076472.56,20710821.01,2972258.473,433658.13,6799740.403,109128482.8,1705995.299,49816770.96,560035.1574,107931496.4,989154.7715,2035138.191,806985.0666,1854172.187,4396741.156,3883279.077,8943329.426,969987.8977,8745961.212,1419185.194,492942.8915,2330512.703,451966548.5,3178207.037,209816918.1,82481248.93,4685946.484,2745869.377,15302315.75,1232658.888,26725860.52,8493374.966,24105129.22,2797149.968,25934001.22,1141720.803,1377414.448,5867816.682,3388027.761,6823322.814,1022063.729,2507605.095,182587905.9,1164130.411,31470067.27,29602090.17,667838647.1,12725139.63,572676010.8,146923351.9,17441378.55,200784292,2843489.162,965942.9194,19157822.9,3240893.326,1720116.572,16855014.19,9558110.984,8853667.465,1775271179,1727302.744,38933744.9,19842380.82,1467270.313,183515489.5,11640758.2
H5,Health,19372704.46,5165495.692,11011012.01,1430889.532,45354736.09,6359035.976,19659463.33,4933856.976,30920291.34,12271107.42,8901324.543,7552788.008,41343009.11,7401975.363,18073593.34,7197997.2,6391979.345,191930613.9,114534.791,1551821.723,29100950.78,12759076.37,8195155.032,10164823.56,4037381.266,285528069.5,1356368439,59312537.61,3891385.026,452633.9672,14656161.89,2172138.834,98582.95953,1718567.193,7191473.009,25187843.07,24587738.8,3274807.351,787904.0079,10842746.92,61707199.32,132707813.6,6034039.833,5140799.395,774389.5677,24736992.94,91652348.21,531524928.5,10186719.43,222280.3555,14352386.75,6739916541,8413350.675,4186133.338,38288713.72,26658584.89,3532659.796,3666583.588,4748576.707,118672702.6,2768265.522,43540669.92,614139.0477,117241915.2,448772.5424,1555794.558,3249465.956,1146781.145,4078359.782,2503973.927,7750047.984,3549767.344,8714064.289,1157299.065,510420.1741,1935820.6,1381615741,4483767.459,103011229.4,32686397.94,23258892.75,3092726.073,10078292.25,1745229.587,15809965.05,2931064.368,80558589.98,957944.6641,12144439.87,452638.9258,2600233.751,2987015.982,2432272.68,8636446.708,935728.3132,4216124.238,109696111.9,1787844.539,23513389.43,19847849.98,31466386.49,13663363.21,650145072.9,13635049.36,4357035.261,77741467.05,1706261.271,441835.8672,18326627.77,3958753.753,1886296.084,2851319.813,59596636.89,12874855.71,553615985.1,1067955.882,39739866.29,39480463.55,1374933.007,29449213.92,9108474.115
H9,Health,1018672.329,55897880.03,4315868.334,796475.5007,21128490.83,10361775.51,10864948.38,1554209.202,3669621.431,4809542.97,12567611.85,2406752.267,51873702.13,2289748.987,3579790.966,4491807.154,9910196.982,72906200.56,75157.49614,31821204.15,1884284.526,2950991.09,2253166.583,6982441.671,2885678.92,357208502.8,2356153383,71210987.64,5425540.758,279563.0817,6487103.329,6360679.164,64689.93688,1130815.888,849139.3072,3470710.942,30418357.97,975613.9822,297743.7189,56971725.06,21631694.51,39188249.4,47069368.35,1300606.848,5481069.626,18969651.62,13386836.36,288328738.3,4999494.017,157994.9225,89028867.61,5021331263,36083577.27,8027892.544,5446797.604,1994783.266,244591970.6,5011720.212,3726555.129,74129908.15,24210054.31,107291423.4,236225.8133,73810678.91,417809.7864,848599.1838,1197213.056,2624898.622,4184308.218,7155577.554,5575492.291,582285.92,89131995.15,423257.9672,283371.9898,638600.4329,487434932,1451311.758,119505415.8,90075152.28,12312402.22,5953074.641,7013821.499,3048997.424,34560557.17,362379.9144,7144734.351,506474.8393,79781752.94,2877304.616,1103777.705,2041136.192,1330460.917,5666736.626,936191.6818,1928627.69,189407593.2,623468.3383,992602.8462,33575304.65,55721873.55,41882239.04,922790152.4,4721958.562,1466778.006,82839346.31,4154580.402,659188.6269,14750969.6,2960872.976,661682.6305,3157344.261,11999458.7,4161515.609,124676277.4,48424531.52,21041499.4,20011077.2,2638744.398,19356566.07,9842071.419
H10,Health,14894201.64,4349078.426,4425438.845,1861227.589,20360439.07,7101943.747,61392938.16,6351519.689,2306553.833,4937082.866,2380594.74,13883174.22,35399064.33,3843212.855,24019532.51,12245784.22,5100743.609,272141939.1,158629.1581,2426766.46,3440101.39,11208636.72,2591888.491,59033619.05,3353978.797,435432262.3,4263647045,93711602.13,5551923.019,358166.9999,17153778.11,2205223.486,133488.94,1349768.028,1128387.558,3275584.501,61446213.63,1003553.86,430299.7845,159466062.2,20147688.36,79895492.01,27087722.41,6728765.854,5762948.069,30000769.29,19754795.14,243589201.4,7858589.401,171808.3266,16551886.8,6923509708,12036364.05,18275971.64,11215750.64,112397879.3,5158377.195,2575717.747,6020743.61,78578727.07,24686616.21,17953059.47,329547.059,76787771.06,1763101.699,1210317.101,3512373.901,1126200.41,12051551.1,4962177.229,7628506.903,545415.4669,30001915.76,683912.5952,348776.9884,1582606.653,725232918.5,2853666.076,370422966.6,30428948.41,2450915.117,5191489.58,4435582.933,2140731.019,4515983.842,5634788.824,747142750.6,1727804.979,39149439.55,1100581.431,1273581.805,3309833.035,73660196.57,7357064.873,1260863.863,4237905.715,120432300,2064541.873,5278539.045,20158839.93,80290320.5,59903699.51,675433706.4,2382677.341,1161528.509,144520625.6,3605921.92,809848.2579,25340575.66,2677919.626,1045844.012,10035711.09,16201097.77,9855487.223,163683214.8,2655389.171,40753686.29,15896888.22,6789147.512,17440321.21,8886555.94
H12,Health,716645.6508,15453427.25,4121430.736,749184.3642,5714938.236,5429262.704,34126700.3,2879956.935,28120410.49,5251827.054,11893735.68,15617149.94,44120380.32,2158747.293,6989364.467,7654177.011,1656837.981,13949087.1,65339.94719,28094682.42,3612709.202,3868710.348,1852421.019,19097926.63,3468801.793,363264011.6,2581566775,83153527.6,2589895.12,320121.4823,13426706.75,327976261,55680.65314,9079539.73,30234169.73,3207178.638,54938353.27,14444830,253830.4711,86807305.39,19130330.4,88005339.93,23883274.54,1401977.971,11929638.04,55173743.15,110282667.2,426117168.7,5614036.657,146691.5226,30862382.94,2140995322,50705257.31,9596853.395,7821922.715,1304609.665,58555596.61,4786395.761,5756450.645,95756991.2,6752750.778,19552753.66,308360.8445,93580784.25,481184.9332,1546357.925,1181908.999,949381.9289,2032947.01,2481415.646,2978093.367,5727642.954,80000088.94,4516740.507,297435.1211,657174.3432,791615173.6,4746181.578,60943562.26,76137688.04,4510474.717,2598907.152,1561985.351,1938660.751,10885120.46,1715424.59,65893408.08,695384.1701,29061789.69,3315286.027,858547.0868,1815542.998,1362526.624,914124.3782,2857121.036,2054106.776,132884959.5,457387.0526,662461.814,20748718.7,101890614,29006869.11,511473375.1,1403263.471,1457946.565,273940851.5,1609736.012,706402.0091,26842528.11,2673742.369,533525.892,3912924.353,10966093.38,8250169.19,175939911.8,4994929.678,30769862.58,10317084.4,3186419.705,28916787.78,2219330.322
H15,Health,11420901.68,41056409.33,2416312.177,1863472.978,6481249.417,3851728.033,17147881.51,2412022.097,2719725.608,4020432.34,12805183.9,8334229.47,126043693.9,2925930.914,10722340.27,10210223.81,1764305.89,68384132.84,72387.63458,44158910.47,1348575.681,2150430.462,2696501.613,9816384.823,1717107.603,475243331.2,3684122787,116137559.1,3960653.095,314660.7085,11245383.79,4007059.612,62305.84775,1547095.121,242870.8021,6268717.115,27984587.72,945770.8492,364174.2407,12642358.65,21422460.46,156487771.8,24117161.55,1690184.283,5334368.019,17608735.29,20439230.01,126738133.3,3145362.31,163994.5664,89379129.2,10191252679,15030828.36,10385017.87,23963751.27,41980645.94,36979204.77,5687587.198,5651749.291,53610473.48,2898312.754,72019621.43,540991.7946,52788981.72,379484.7974,663139.5334,873510.5924,1341919.126,2966625.638,4840280.467,3303126.182,925863.2263,60708230.37,581401.6324,374400.6496,1695957.826,179231959.6,427130.8653,156779012.5,49189357.54,7760685.093,2339270.387,3815186.187,3008733.655,30202960.27,3688564.5,47031313.54,907434.2412,11829755.28,1796637.727,1323559.399,1679902.984,13174711.63,4370159.277,924065.1791,2924282.988,172261401.8,602750.697,719945.3696,39070481.95,218121928.3,26429037.58,359605311.3,2745246.499,934349.2569,442491495.9,2863454.677,527924.7806,14989128.75,3092397.604,688984.3689,21427587.39,18748060.27,84674552.11,712968527.2,19184046.13,43120356.41,10290493.09,1820072.823,11885774.13,7966497.332
H16,Health,541839.493,163746228.7,95167850.1,2660728.269,5222583.602,5111156.053,30458817.95,4364861.172,1437180.383,1922362.876,8807054.878,2609362.634,12290006.47,2743281.548,2465844.394,6240688.401,1203410.347,6198588.052,56398.2772,31809137.27,274784.2308,12582981.89,1907518.619,22106699.4,4034048.921,150029751.5,2576094364,92637829.62,4221745.632,348365.0016,7074745.02,7989075.039,48543.4079,1041953.611,369300.23,1326900.183,92682504.89,634732.4754,219827.316,31944875.1,24596709.14,36331677.71,26669532.01,1259627.325,789805.2284,16696579.25,32709556.08,296484200.9,13775238.53,565882.3749,39152699.98,5298031088,40037977.43,3173066.437,25553315.51,4060701.928,67747998.42,624946.5939,5918718.314,65276321.21,1757681.202,11459970.57,430567.3234,62176288.4,655622.1117,654553.5675,1221893.587,3867476.654,1753545.958,1441961.567,2232043.563,1206675.841,10460372.58,340788.1963,6233189.196,411447.1313,58118949.31,2106341.786,77567562.37,272224944.7,14457785.19,2369686.36,1506166.751,41398966.18,7017410.073,432157.1583,5610251.763,498159.4345,13473819.73,297396.8062,1012796.696,2900601.557,863865.3963,1017407.035,4055200.629,589384.9043,190627005.9,252180273.7,1759217.152,128069621,140611276.3,14513361.95,522301010.9,3218169.964,1651879.911,21701458.52,24939426.54,407525.6322,9207826.246,3818630.833,508019.7673,2013019.549,22091262.36,8576461.087,192863799.6,7679641.928,27453708.97,9987056.455,4589196.086,8174816.872,1423958.993
H20,Health,12355116.5,16321751.55,1344863.121,2150217.011,40469987.97,6607350.622,39237179.23,10979658.18,5656503.239,10430328.87,44688381.08,13019465.8,17745436.44,4478788.504,13291304.34,8175025.364,9291352.814,232729057.7,90959.0876,8867836.502,2290600.873,4104817.64,3347324.592,17117117.52,5694477.215,300950592.2,5146143906,109178602.4,5135652.187,316005.5467,12009108.77,5632655.188,78290.7619,1755667.723,3277539.278,7737478.822,14294092.34,1484022.728,306466.5735,27769000.62,25315676.31,560103006.8,27934173.49,2523801.758,8348305.483,27269724.59,22185145.4,369790463.8,11362481.92,234804.6921,12820778.39,11481813415,31163143.54,3721780.397,7491035.004,3256770.583,4028863.694,3259723.414,6937204.387,60331899.19,5521324.098,31308612.5,268626.5102,57939886.27,827696.564,1102939.748,1803616.493,1363063.447,2872677.022,3742115.327,8094606.999,664593.338,28074971.33,490247.4782,305128.1521,10829709.29,1728541601,2521176.122,239738298.1,26509633.23,31136743.7,2042789.49,8622494.376,1528497.9,51783675,2865150.142,13514984.02,2010857.727,17795923.03,515489.5351,1802536.361,5590462.271,1446597.982,15593223.92,477315.4127,3911628.147,138701785.4,738750.3272,2688667.512,56309659.76,106343043.9,17250592.12,419307412.1,21198235.04,274606173.2,277427779.3,10872158.68,545643.2891,14899602.21,4465809.595,1087387.313,3616701.264,20408852.21,6094736.138,578821418.8,1849759.139,92457849.39,11244330.37,1729759.475,14252714.42,4769207.712
H21,Health,21058079.07,12086565.56,70240913.28,1036786.486,108420591.9,21627485.41,37242177.29,3907203.45,3551701.474,3320299.992,258877441.3,20057954.19,46113438.64,2577825.989,37284515.96,7691527.786,4639620.704,475587131.6,83766.61105,2278084.394,559810.0767,17442277.57,4225994.688,24436899.33,5821130.694,185921565.2,4957765322,123446439,5113658.222,289470.8089,16860936.58,121535347.4,72100.01743,1591197.942,2251342.259,4784940.039,12216348.77,6950052.665,366712.3296,7681144.044,26911066.09,114511437,54632130.1,5367588.262,3415239.981,19388179.16,22190967.55,194171466.2,6582989.949,145567.6161,36497947.38,9381544429,13191150.17,14506730.46,14443945.89,6906746.753,69517107.44,1678703.459,5070484.962,36847248.73,1148245.4,342623212.9,244062.042,35696401.36,250894.3596,1056123.509,2574273.022,1139578.362,2708302.783,4538480.12,7804037.789,644021.7872,30463610.74,596873.4827,409330.2076,838971.426,1409289143,4201134.059,130653470.4,39732862.87,3608343.748,1567655.983,16344904.05,1084542.554,5022412.391,4840070.708,9532703.457,1847327.535,17585336.72,285716.3326,1454585.852,2165827.503,1553939.748,15910246.96,438812.3131,3358299.467,157273916.6,2338364.056,2209445.6,17754987.9,158079226,13872994.5,398478468.1,6483488.149,62315425.9,199214989.3,1529428.643,1200713.001,33970288.62,3217535.269,866269.3823,3403362.719,22202753.58,6042966.182,333794841.1,37161649.87,82115503.88,10495218.72,808008.0318,17597698.65,5525402.599
H24,Health,1915804.774,18130173.36,4928067.029,1246730.112,10518889.51,13670630,26229483.66,10382406.03,4660153.921,4226915.718,7777145.331,7058427.019,18707384.96,1684619.605,20138322.69,5852213.233,4494369.93,58352978.67,154182.2087,8480510.077,4798024.461,7027672.679,2267341.606,15733746.38,4021966.781,313702541,3708211237,96161628.3,3999623.696,356636.2327,9947326.936,3033457.807,132708.4837,1658416.644,887275.7997,1881841.906,51286334.79,1601942.114,589761.8924,18923720.24,18056883.41,461661071.1,16911559.45,1571245.495,11487774.02,12738050.52,23687724.59,250702423.2,6109461.586,153144.5122,18651379.02,6224493667,10044301.38,5308699.41,9448387.973,5276218.464,4726008.539,9406538.103,4541107.949,108569415.7,2340605.285,40967529.42,374279.9124,108823900.8,22699752,751320.82,916234.5493,1089665.925,3972138.02,4268954.881,3577809.721,680525.6297,38084594.44,530401.3773,378975.1733,803781.2002,207868902.9,2260534.088,114559480.1,80426637.52,1997460.295,3952640.001,4708011.208,2020860.399,23565407.55,8419845.963,9441450.842,1322348.831,26748849.17,342113.6711,1112909.141,1458869.069,20921388.03,4273612.505,598069.157,1341238.356,134303888,764108.9706,1115500.056,22306979.38,120197094.4,36176335.19,547901491.3,5665889.31,962910.1997,93278141.13,1561907.794,739992.3099,21926768.11,2717580.023,779655.2896,12221275.37,13736251.74,12113799.5,427813023.1,3032844.512,32546192.02,9299566.969,3135731.186,23765968.22,10253521.92
H25,Health,8762051.703,67162807.69,5097304.253,610978.2011,13700984.26,10755227.42,26144705.4,2494823.16,3069336.821,5176255.649,676320288.8,65520604.77,121044977.9,2627671.136,149457870.1,12339524.33,710654.4578,71751749.61,80968.16475,104918417.6,1410047.133,2063597.34,2100460.311,21212646.93,3469153.797,856195790.8,4126864282,116465752.1,2443209.193,260746.3165,4682814.096,2734379.689,69691.3247,1886205.786,836744.3031,1617685.169,61745524.55,2655164.63,352640.5309,10947897.15,24170244.4,107227185.8,12239528.63,3778382.353,363208.3765,11224837.37,16998788.33,751914367.3,3743987.303,136091.3071,55938804.49,15281448475,17500464.94,1399843.72,6458422.953,2729608.107,30939729.07,1528172.204,3825776.089,35562122.4,2143290.752,5614871.752,379044.8713,34689672.08,1307410.111,1086491.104,1460028.827,1597313.02,2034958.831,1097885.374,3993066.647,1064655.715,84399806.36,254156.3049,572943.9743,1011530.381,89998643.36,6264724.756,590815077.1,15442496.62,11578257.23,777490.4025,3886346.702,1950282.668,6123173.873,19579426.56,10034979.37,4842423.455,5821219.204,1542922.029,955074.444,6014976.369,1704600.459,1785326.663,605196.52,2006787.061,127745160.6,747762.3169,5104473.375,80580602.63,101319103.1,35317249.45,275502129.6,10952751.48,1501880.08,95453017.95,2482890.929,436231.1571,31341483.49,2411768.579,895822.7098,1736155.115,20322465.33,6221394.523,1538032150,2300945.152,55312256.43,9980442.03,2366947.087,30550180.73,2921557.675
H26,Health,24154150.85,11758076.33,1665871.175,2994604.742,90064083.49,9903519.941,30745811.68,4707784.565,2131898.972,2926083.66,591959368.3,114092116.9,35279545.66,7112519.764,20935699.87,8134989.878,6762331.989,265966368.2,125463.784,2271681.069,635405.3799,6360184.391,3935368.321,20221149.85,4997293.762,252924844.8,6653583843,76117397.36,2508472.01,337081.1657,8187680.242,6846054.021,182807.9058,1619320.967,12925889.56,3197225.231,10474943.58,1373630.539,1019483.281,7481216.698,11989557.64,80144282.72,49497759.39,3920558.602,981022.4375,16006237.37,75611052.49,90208854.84,8270324.315,161144.5994,24726770.59,13553049018,17234077.06,4857735.479,7104678.076,20631583.02,4062340.523,1201672.145,6914308.271,99477165.47,2684493.444,49291959,1332005.713,93570986.95,398813.2083,1110733.733,1577291.434,1329407.58,2915793.176,4055735.401,6479002.541,592087.7928,59689465.57,1139410.526,341035.517,848262.3503,348602896.5,7995998.702,462671618,35606506.21,21412757.12,1522578.372,6996759.32,1351119.413,10772516.6,890540.2587,10224687.56,1834801.703,47604162.88,528857.0983,1341038.012,5834616.8,1416779.254,5198903.793,669567.139,1947601.941,126447922.5,896304.695,14232594.24,34123972.61,565709470.7,22052343.2,769645370.1,54812776.9,1938728.61,235961213.4,1057480.738,614230.9886,33040200.38,3254943.046,1053263.393,3657809.744,8875238.137,17568618.29,678220346.7,1010800.386,79370308.38,10805813.97,3323857.924,10597749.2,5370783.183
H27,Health,3449797.998,35928273.21,4939504.086,618484.6749,19185632.26,5598233.098,23028186.48,2942530.744,2935678.407,9827400.444,22001517.5,7454189.558,35110458.11,2077048.501,8728764.352,3268989.531,3303188.712,198470012.2,70890.33837,20701020.32,1205852.242,3674837.502,1952342.717,11206814.68,4201374.789,387411308.7,2870659323,83910402.64,3527419.328,334397.6747,9231787.891,4078751.948,61017.08745,1467001.642,661284.1313,3086633.948,20619174.16,34920000.94,208915.3737,39809476.47,19388856.72,106032976,21662371.06,1028714.626,4368098.672,13866077.16,12696899.09,336485642.2,6641187.359,142394.4091,70828737.95,6494861058,10854704.17,19797528.01,16029184.43,1019039.887,10858011.24,3294481.21,4340506.258,25168593.13,5141483.076,142351732.4,230321.3811,24569070.29,292302.4581,759877.7607,710854.7648,927058.3235,1959183.606,3088803.654,2927552.657,555821.5092,40408253.34,986227.9474,233367.3491,1680526.285,453126685.3,460823.0924,95449472.87,76116572.27,2297936.143,3635400.088,8202438.373,1569816.69,7521657.726,1843953.188,5875755.608,690617.0921,393201152.8,2511829.404,763881.0553,4327703.471,12102943.09,7240976.289,2748529.453,1118039.042,123965549,2276624.832,991272.0674,41958405.65,147569001.1,27409203.98,3611386944,2699713.759,775334.4299,35368856.92,2310362.329,5221258.229,20211416.63,2257468.594,590110.0914,7373418.414,9733054.827,10141235.01,194114031,4035948.266,36226380.5,9319740.617,610636.8326,17813289.22,9208066.298
H29,Health,37095157.19,20514339.61,3648375.283,584294.925,9965556.023,4004197.275,15934390.42,2543843.564,2316014.324,1682619.632,13214634.9,5548269.596,155122215.3,2668978.369,43511735.6,7046051.803,2606307.112,266363838.4,64930.20875,47227328.67,469540.6995,7469520.575,3122352.028,7158517.87,1815906.9,631991364.4,1359056986,98999156.31,3558690.716,236190.3437,8951136.721,2772189.714,55887.05481,1655488.334,1880298.76,5461730.796,24313889.32,689993.7103,434102.012,6712634.622,20052254.61,339148079.4,84341775.06,2360612.708,1362944.305,16356897.53,16729475.45,352938222,5662089.58,112607.5836,37107304.03,11337843980,7341798.601,5822932.229,20733462.87,1717931.788,264918835.2,952487.2515,4083079.863,61316840.59,930413.9744,53194466.85,404484.9361,62254996.03,413079.6859,1496140.335,1836247.067,1568654.141,1521305.385,1336882.419,3763846.273,991785.8138,220192318.4,308566.835,588195.8609,910239.4396,104333985.9,1691734.649,70191646.76,48134970.26,2109695.405,921534.4324,6542270.903,1694185.145,22739300.7,19742377.98,9015019.272,1440264.487,7663450.563,804137.1572,1006685.902,2968117.213,1658480.491,1347790.137,351741.8642,1509579.669,153809158.4,2149034.97,882942.8508,21396259.41,125803439.9,24840954.3,293715501.5,4258146.351,95624000.3,48297308.42,5014047.424,304516.0017,17886551.66,2978690.968,713702.1426,2425989.883,11504664.3,5058738.072,149531874.5,1493390.057,69145784.05,10480548.22,8434020.475,26173793.09,1493542.302
H30,Health,1664294.119,66120728.42,12666286.14,1549305.422,2815345.534,1704872.046,23429070.66,2964866.216,23961720.3,5083817.642,21451724.61,34876752.37,11349488.97,11358622.88,38131723.2,4841147.007,8605327.756,67221712.68,87775.3744,3721880.694,15341548.75,5961681.762,2847099.095,14624055.04,2397168.637,439982011.4,5615613783,56998638.32,5599041.641,411511.6984,61441999.16,3754182.431,75550.46032,5310329.546,9970718.376,48795927.51,12228898.86,51388906.79,284019.8826,30884574.64,39492484.33,204859704.3,31773610.73,2449576.663,2527752.019,21723463.36,22401597.14,815345313.2,9683011.135,199502.7927,61175137.12,10581406397,20151925.23,7175407.957,12772437.52,58748742.53,3438330.834,1232758.292,7201274.148,8800126.48,5572282.855,29150529.35,406554.8024,10080526.44,254506.948,766384.2335,1208474.624,1482377.649,9622115.065,4813909.857,12090208.45,789974.1492,62730065.66,17217760.68,398388.9581,3839448.105,1003101700,1245600.144,67859110.54,43312079.46,2234431.336,9589696.943,6020376.013,2643810.45,7564008.849,779714.2881,13703375.3,1009624.252,5535228.327,463515.5093,1684319.898,1946458.78,36697454.3,20479689.46,4869687.142,5454860.785,318182292.7,1757980.454,1102000.386,45688534.7,99735416.05,42512114.84,305680415.6,15181888.1,2841993.98,17508585.41,944936.0035,3029328.851,6906521.09,4392910.326,603950.2123,9094018.349,29015145.2,6754801.253,126474366.3,1457337.3,23425141.98,44917196.56,6780750.562,23102882.8,11747621.2
H31,Health,9511293.079,11333100.45,45977921.11,1297409.896,30396382.9,17318670.87,49353501.42,2495277.535,5006576.225,2044789.966,312612766.2,23329618.13,52708862.08,2827888.045,15881427.03,4328870.406,13017981.43,341215737.6,43211.16473,1990204.608,1190358.176,9640430.086,2749033.915,46281391.18,4070033.195,403618765.4,1305501903,96412721.95,11331951.72,282639.022,11333813.92,2960881.928,37192.93035,1618061.997,1116500.81,58896434.65,1673420.692,4044428.068,433923.3028,51446136.59,20469314.83,116667084.2,21697976.68,3166441.04,6150192.848,43899368.74,17062509.01,1161171652,8048296.097,137281.2534,4018715.567,10101874519,5834368.78,11398825.64,52414319.65,33491827.28,33322379.6,920188.3236,6270826.733,30986792.66,2282343.873,25432278.34,243190.2417,34003066.88,352007.611,1066463.815,1651625.093,1195055.922,2963353.169,3907832.185,5958275.853,802730.4793,19776380.81,1640541.624,409116.2952,1938843.463,848717557.1,1552089.357,122165580.1,14123055.04,3485101.898,2588417.929,17068926.27,1608611.477,8407487.449,1416220.014,13388715.89,1244222.852,19718367.69,244499.6859,1217626.874,88251891.71,1157132.771,13377599.62,428307.905,2478808.798,162275867.6,3518247.009,1525548.477,53639128.66,101378640,21260986.67,429917643.8,8567765.905,2067207.203,137107239.1,1263180.59,2918057.749,5099340.669,3423258.47,1197712.993,4897199.223,16845142.02,4277681.562,142422063.2,23303548.45,98513424.83,14311155.51,1761272.536,15933464.72,5204194.945
H34,Health,1155545.038,26602830.62,2029855.432,1687197.767,16255692.96,7904744.344,19685164.53,6913940.114,2824315.762,11340797.93,67854672.19,31081780.15,15930331.74,1440910.263,145712946.8,6078056.79,3481876.984,32394421.27,106950.8879,7361837.956,3560339.997,2989152.208,1783662.252,7668439.303,3161583.13,531891683.8,3784896457,109790081.9,2800822.105,261499.4266,88575910.3,14467993.36,92055.30444,2758769.051,40898323.16,2128036.295,51394793.48,45732524.44,685937.4784,20948159.71,17433327.36,50034927.67,15023216.55,1939772.991,1979263.087,12618551.34,18222103.89,128425484.3,4782150.183,126452.0868,109531240,10303852049,16871476.25,2705859.232,6346229.726,5005693.832,14037332.19,1503110.451,8264312.59,48868842.62,2771944.87,80623756.35,322756.6557,46694369.84,325537.6366,829759.7109,1424339.857,1246775.963,2525893.017,1841585.267,3034268.501,646671.8323,59583274.77,687570.9778,281837.172,3312121.983,138460800.4,806875.0368,142617224.3,55463267.54,2788208.85,2292183.807,4017242.219,1085160.416,7462868.898,3852999.386,6412556.756,1371411.663,5972710.799,2778899.506,886811.641,1985053.866,4012924.265,2460614.355,720953.5797,1317176.338,91623473.12,669202.0159,11715584.53,25315175.81,204110414.1,43796867.77,263603648.6,6840038.985,18923854.93,84412544.88,15015618.65,667327.1182,16150434.88,2581743.476,884437.9624,2451269.737,13062830.47,21599450.43,896617119.3,923938.8658,52548507.77,14526477.19,3068706.924,41706971.91,4086747.569
H37,Health,849161.2571,15884880.75,18505104.22,5959386.161,28706947.26,11573549.88,36125116.8,13046051.13,2425027.256,3271722.795,6517431.137,3994397.311,34497498.99,5777779.162,15733913.85,3860417.034,3654149.66,6660171.299,339305.4468,35936412.08,2062713.528,15426600.82,2149353.694,22489729.91,7033716.869,166440050.3,4139653743,143085910.5,6787963.721,290168.6285,5257321.175,3536043.002,160257.9533,1648438.591,4093167.168,4777422.672,79515907.78,848727.1262,558610.8502,107675433.6,23001219.23,55447428.31,29040972.55,1667175.633,3969417.549,43509916.42,16142275.04,348942186.6,4294741.848,135785.7523,37824050.38,1079590958,18293634.72,1601714.654,9269944.08,12337060.63,26723495.05,1824447.01,4193242.129,55919686.48,8398056.473,29209969.16,274367.9682,53635116.75,8084689.278,1026707.949,859318.0609,692108.0691,2454764.045,1423024.617,3222427.876,512542.9967,52553495.1,268775.5253,311151.4752,2363826.637,401240777.6,3068558.105,120530929.2,40452073.67,1501625.956,2276624.196,4575530.517,1208889.8,10252322.06,602454.6875,5702421.092,1040306.689,16643288.21,4799562.332,983868.9133,2802199.932,1473341.205,9064070.032,3112297.169,912472.2196,99966288.93,1312604.662,1446193.458,21889721.64,179964475,35503338.18,385387711.5,3125638.853,874869618.8,71546647.83,679858.7846,780384.785,10638934.47,2913435.211,907480.2587,3686349.659,20959997.8,5916407.871,548283247.4,4496012.033,62758215.69,8948113.059,2275260.083,30867366.7,2515209.931
H38,Health,463220.9074,157608241.8,12858170.37,1137877.997,1935849.021,2077626.707,26356779.53,8728863.904,1664756.242,8132058.036,3224072.101,9131717.065,47986734.47,2759914.729,12635463.1,4130990.228,1110253.839,4104229.417,66389.98788,28405071.98,1138098.846,9472508.652,1266821.669,7357908.34,3113571.573,442976299.1,2962536031,56221678.83,2223506.469,272863.3513,5980450.478,7156394.17,57143.52322,1471885.386,376667.1192,2128870.164,77144907.99,706885.71,230971.8589,16194584.69,11774755.16,88277331.12,34774364.72,783350.4982,3545149.592,10109572.11,20421819.23,281096724.7,3721222.024,124809.7213,44877075.78,8763174783,22454134.12,3007762.659,10956632.86,319496.5109,1415907.317,327628.8493,6796271.353,226407427.4,953014.539,6048828.811,437609.0616,228549247.4,5436859.431,1193469.946,425888.134,9947941.821,1532122.898,709390.2441,2106254.984,959845.239,78876874.64,277637.5695,578171.4526,863807.8531,27591961.9,1846345.2,45652899.72,486118722.9,1123494.642,779295.2739,2689784.674,1552387.707,30039946.32,5474971.392,7333064.154,959946.8107,5972113.678,501567.7459,851588.8377,1919556.796,1325962.223,3039014,2956216.775,985355.3398,134011870.7,1496064.34,1773936.585,70432986.47,475463308,19616942.43,341197327.4,2000568.688,852735.5474,30351486.76,870759.149,287319.4778,11380299.22,2597404.917,433469.1494,85544824.3,6787097.155,9887978.968,473981169.2,597246.5275,26462184.88,9019973.549,20332906.74,19016021.5,4563405.558
H40,Health,19675878.18,42711354.99,52348371.59,708790.0482,17347698.27,31605768.91,16199491.67,3392011.073,3425679.696,2544713.019,440075696.1,291341858.4,129068002.3,9702093.224,33871737.18,7719079.371,2529471.005,60730095.09,117116.907,1017910.364,489302.6622,11245739.89,2564435.704,10041092.77,5590037.142,555299167.5,1761250192,174306839.6,35006804.62,313915.9933,10715523.94,2633173.582,100805.4514,2083315.036,2780027.4,4787115.589,2269534.952,815818.8658,767253.2624,7364821.023,17797736.88,84080670.07,10874415.26,3647819.777,2047012.839,21720702.8,39282360.65,96284001.34,9107885.826,150687.1348,53125479.79,14473130343,16791511.12,2474174.123,56490024.68,33932380.38,2437344.466,346386.0928,6700955.695,48008917.43,1566030.803,32322828.94,344968.8643,40773374.01,444626.6508,1315235.247,1780679.763,2021892.446,2232385.789,3137689.652,20506138.89,923180.0049,75471445.57,507151.0332,362631.3562,1424007.29,678213168.2,3615201.156,191600057.3,58680768.76,3337756.516,2446210.31,9770530.582,1606486.314,21532428.15,8050919.906,9918724.905,1397052.676,12001163.53,273402.4612,1337794.502,3530820.942,1380734.944,5228201.64,1252736.651,5669998.463,100398914.2,1725480.85,2646936.972,73048886.85,141157397.3,41933957.48,411426647.8,8772026.931,2411167.711,60897752.51,4429203.782,2251940.406,11682403.12,2953683.253,1463612.777,2109110.684,13978215.83,16074890.51,592719395.6,1427071.076,91231862.03,8858632.505,1227241.043,12196700.39,3961800.472
H41,Health,1515402.191,32813025.37,44706979.46,3491984.955,13041305.75,9124490.907,21584549.82,4588137.869,2110287.166,28699245.58,4314498.739,5026586.041,44621760.75,1885447.675,17473405.09,14497824.52,6600321.889,75261403.68,108150.6715,2850521.693,1037633.139,6590823.918,1952477.193,11998920.75,3315026.255,298090716.3,5578390334,80804027.38,4062682.835,349506.7484,14669575.95,6094435.51,93087.98817,1739093.377,734941.2333,3653412.044,24691064.95,893083.9878,428857.0724,5207808.874,34438226.16,230320121.8,57828956.32,1171825.066,7349081.912,18907130.12,730939556.2,58256795.67,46307339.34,179445.0209,8729640.668,7344323239,8973547.521,2456384.683,7485225.072,1950484.277,12472882.47,637699.1027,7242852.926,14305603.05,2494272.207,15797918.03,369832.6857,13987752.82,563473.2665,1521560.498,1311349.493,1788411.118,2422887.822,1160504.311,9368988.526,678442.6339,72495343.48,564556.71,332235.7505,1166122.966,95925011.58,933212.7051,215528029.2,37918614.12,25822950.45,2549206.805,2838830.382,4989272.775,5855259.399,7525598.385,12221528.93,1542060.051,3970865.492,351720.553,1023647.593,3017834.119,1627999.884,1877045.921,1127154.014,3722882.835,175483930,1112922.925,920336.6468,63841407.16,1148127713,19527867.47,322343821.4,21077065.41,1984466.7,177144078.4,1924026.664,734947.5082,10261694.51,4072853.498,1648055.07,4259360.81,25366181.91,5958537.55,1001444494,1175819.575,111852753.7,24709741.95,819420.0868,14136202.33,6170943.895
H43,Health,1069753.061,3489762.931,145702052.8,1057294.102,6821289.497,3730981.398,49199189.1,12303834.39,2373935.384,2652814.102,15975163.13,6260925.035,81757467.59,2935383.557,173488282,19067124.48,9484790.335,10654233.38,119711.6705,1953463.426,383487.1677,47585560.08,3907185.833,30049137.94,4384004.737,452926676.7,4484238862,173616674.9,10664916.49,581029.9486,10461390.44,18003245.89,103038.8292,2008368.338,41368298.8,5660097.838,18473166.87,1136271.344,804374.1483,34877818.88,9426698.675,78854315.59,24475371.01,2643870.333,381294.01,56875710.14,44849079.5,604331112.5,7909200.081,241081.4343,24851286.92,14862245332,32650700.39,3047428.077,12604350.47,10187551.85,2859019.884,3625235.381,5727901.534,28552734.04,3191511.461,38195612.53,690852.5957,27539033.66,415832.6749,1993030.134,4347768.648,2061154.455,2432830.844,1766834.692,4637016.691,612650.6691,12327891.71,457046.6986,434776.0259,1130493.26,118904753.3,1181784.715,128689474.8,248597574.1,1932285.623,740878.7186,2218522.606,2106170.486,5709545.534,1486749.472,13378108.99,3085472.108,232829550.1,4541443.35,1917815.479,16716631.65,70057632.51,4497448.818,3150692.156,1292347.315,865504662.9,20447377.13,949377.7353,74832529.05,436012376.6,21989721.04,1931349302,54750072.95,1637588.019,53010302.75,1511364.618,899551.757,31123150.21,3157913.307,1692124.095,2199337.577,6731513.317,15072158.59,1729674607,1774769.312,140386168.9,8053176.308,15957370.2,14326111.82,8650354.852
H44,Health,3492349.479,27278221.82,3732078.425,2142877.941,30717063.88,13649234.08,44459363.86,8951212.522,1141293.361,2312332.039,6592579.608,1367926.815,11420224.48,1875418.672,1165918.893,4048998.263,2037048.274,129043957.3,140676.0412,10388326.15,554735.1151,3773497.317,1940629.601,34657870.34,1583051.433,210589717.5,2188451416,114624573,2189147.439,213349.3394,4129769.28,4013951.373,49525.54648,1132974.927,21826299.92,2204778.365,69281494.3,962252.3028,253505.203,128801865.3,22797829.14,91752628.66,55004575.98,1557952.21,2989504.157,32547958.02,10330733.49,180613765.9,3580599.542,95410.91664,53256767.53,3716962937,7291090.795,7308993.892,6276702.767,1333683.886,1572406.401,2528136.186,5577005.196,145862694.2,1982033.815,14492882.13,204214.1195,143352078.5,4610694.103,1622594.857,1594189.568,671296.5495,1707802.596,1593094.767,1363084.629,352455.4012,72832733.74,200877.3044,211965.8295,858010.9729,259168361.9,1562344.625,91788628.16,56272547.07,2144830.949,1037231.595,1737641.162,1347382.504,51004544.17,1246488.247,3455192.285,575303.9492,75265448.61,373335.3022,1466498.736,1968000.607,1326135.84,1079760.308,6996950.219,675522.0245,73638027.36,445645.3261,654584.9102,20117796.4,131857259.4,16261477.75,792700347.8,14876682.92,1089495969,143071550.6,16620184.26,2383710.549,11944107.43,2442290.562,1003107.49,1171164.323,14863632.19,4614571.567,108121690.7,5298974.054,43031480.26,6854690.119,661392.8753,11748880.23,6176544.372
H45,Health,3668913.613,210211742.6,3737047.012,878272.1386,12649899.4,3714974.394,15855604.24,3748431.152,2949411.046,1681703.216,6173499.199,3803079.753,57231465.46,3849223.061,30162865.29,8084451.079,2376738.951,9686302.187,122591.6413,1599418.715,203946.9297,2720321.225,3963047.677,9558582.362,4869011.773,877046647.1,2339777831,188427994.4,5068757.517,854225.7836,6714411.198,12965993.97,105517.6921,2083126.345,1619060.119,3598998.617,16376971.55,1455931.149,254024.743,4823191.207,13607119.02,66190386.02,14313687.28,2499841.437,1156973.953,11236893.4,114219703.2,2398968478,6619508.372,338729.1765,111881398.3,13891355953,8288386.132,4801304.02,3888320.624,7118962.636,5388246.481,629581.6451,6222510.818,36334742.23,1095398.867,22912129.82,562973.4489,36637976.58,433817.0237,707778.2345,1481864.304,11609600.81,1991905.827,1188828.097,3094949.747,2178646.274,416523054.2,462144.6263,518682.1685,1243304.337,61814503.64,2516163.18,238334075.7,13420234.08,2866837.788,842896.6405,1467110.989,3164690.234,2348923.053,16727122.84,9173924.537,1292136.718,1183726278,2568371.265,2016835.281,2640573.953,2523091.554,1683891.781,918391.5171,1745731.807,201046416.4,1003390.574,867651.4428,22373621.03,139442617.1,157146584.7,9332860397,2018574.503,1295343.178,153568466.1,798466.6546,521209.9033,6284188.722,3512640.406,1192022.679,16907146.2,4604908.041,4806826.543,181242765.4,3443603.85,114222716.3,6345525.574,9089032.329,24862253.43,2415761.833
H46,Health,13976343.28,59171118.39,18199089.28,1308977.425,39302081.44,2472677.761,20685924.7,8755564.306,1790563.181,2609725.422,2462379791,193182907,25337835.41,3077992.196,7625162.291,4722896.912,4052805.108,13186605.99,66469.12531,2482033.478,198612.581,3901278.576,3716574.546,12670123.65,5433652.65,324761004.8,5581259964,239064097.1,3256278.611,255794.1927,5574555.826,2461034.285,57211.63878,1781459.517,13564161.09,2980308.616,34389586.57,1375913.317,2671246.211,60773051.04,20400245.74,83239391.05,50948386.07,1998972.861,1177848.093,16985111.42,14756019.81,1691683900,2661323.705,112260.2237,116257099.7,4352470863,21083588.13,2492165.75,14359985.84,4847011.431,2004296.325,298760.289,3956503.4,25657617.64,609380.2122,14403752.42,290877.3419,25403786.72,327322.7518,818148.6494,2245892.182,914609.5423,3091108.602,1199241.21,4151691.932,735026.6257,61224577.07,250937.4488,328643.7986,824649.4428,275565489.2,2390400.606,181302320.5,52551520.18,2252458.453,1574307.175,4355676.491,1324014.203,9469066.932,1856472.172,10053518.98,1102780.125,7882199.296,354552.9881,1824255.231,1584176.245,1348962.994,2362996.299,547284.3839,8746203.927,63614254.75,1537700.259,1209086.905,18988483.5,59003524.44,14836835.33,279406895.2,1742335.602,2515290.524,11802159.28,964525.8518,620666.2003,89033792.58,3661796.531,1473429.136,4074213.945,16672581.18,4347840.673,187634373.4,1075188.989,167839150.2,7188640.822,2669656.069,22731135.12,3210894.405
H47,Health,728912.1802,3300933.355,2096903.924,24069423.06,4822626.946,2644194.078,23809886.78,12767007.55,1515128.217,1169658.518,12229879.49,3484176.147,96351064.66,5879202.885,7464924.194,6553534.847,2017014.756,11191955.93,906633.6536,16952976.7,171117.053,2597799.618,2583638.338,15795623.96,4020440.29,687276215.8,1277796353,38965923.25,5402375.803,505806.9723,10238561.13,16133412.45,88843.18686,1333587.618,3247105.13,2570073.252,29274946.99,858869.7881,454891.3228,83118208.1,7694833.488,60005457.66,18933409.59,2137630.824,1004532.372,20744453.1,24366929.8,3402929988,17176595,205435.9757,12420453.87,3822709801,98750619.84,2338583.651,9115831.878,5984098.35,16376113.9,497307.3,4605906.105,9546425.864,7917390.404,75162199.73,398910.3091,10045382.96,473154.0991,1954527.93,18025642.13,1039401.97,2377038.871,1148755.135,2769854.087,18925238.77,12761384.82,342006.4275,914318.7306,927226.3191,83588466.06,1345014.274,110084029.4,920298267.4,1744052.864,1140907.036,2799604.051,26443541,28022863.49,664792.5971,7365600.419,943066.5383,478397850.6,1369988.609,1266814.694,1692728.863,9307002.418,1520029.707,1298668.505,896791.7591,837524289.2,1734897.008,719926.0014,25001333.24,211893522.8,30337100.44,3952000513,2619404.267,8348202.552,1499734.263,267137346.3,1168540.886,10744942.65,4144211.715,937384.3469,1616047.357,2592129.066,19971925.98,6820832054,10683291.25,30269872.43,11010524.19,20008703.13,50072553.34,2121228.621
H48,Health,6417908.492,43098570.49,30612400.53,681103.8568,41858083.64,26451474.62,17189037.91,4253834.248,2657621.969,6071469.596,4716113.651,3335505.474,29506416.97,2522992.57,11610945.93,12085681.76,3091232.154,216610287.2,120198.6601,20768811.3,1480442.027,6667597.228,2480118.773,6403215.399,7047459.2,460485676.4,3172534752,86081378.97,4949541.32,466347.2436,8562715.125,11496963.57,103457.9934,1577560.462,599791.3038,4214901.902,41148681.4,1104047.199,451323.5234,12740558.62,28154681.77,98354912.7,15710355.62,3453162.485,4567785.408,38616711.67,21640576.96,554820270.5,4622187.494,192019.4971,130202891.2,6178961128,11213578.38,3179129.149,6525331.171,2115289.231,88203148.48,3719337.579,5912549.814,81061524.07,2417134.792,184873728.5,536135.9013,79412165.31,337967.9422,782777.859,1419308.026,1959785.712,2811104.782,5289600.964,4012249.925,530534.424,205095255.1,343956.5557,278405.9942,825507.4484,946433826.6,644384.1212,234797959.2,119689030.9,1774525.206,3640551.587,8114228.532,1559288.994,24155073.37,12744530.46,8404928.602,1104745.517,479134028.2,504743.5933,1199992.394,3619554.459,1620009.91,3423788.982,485865.0533,1117289.807,218828943.4,1827506.587,840621.7705,19819301.74,98183338.64,44768878.88,3931268305,6700389.787,1126318.752,264246585.1,1437310.17,1942562.798,8014549.443,3065033.702,737527.3504,994114.878,12672987.75,8175210.611,84041478.75,17214250.23,28578323.24,6823506.963,1125156.771,18440952.3,4353541.331
H50,Health,583022.3917,5362035.723,6759059.057,1046672.307,8293584.338,2832639.967,50949613.36,1956867.815,3639611.257,2713496.669,25059957.92,4717064.834,183643370.2,4601838.169,1560432.909,2915922.694,1080023.471,63554173.6,54215.70368,14417133.97,210794.1379,3292137.552,1573833.472,45443136.52,2271940.764,76807949.87,820313344.2,43798361.76,4223452.156,203768.1824,38124646.31,6005295.702,46664.81228,1267942.889,1559156.32,1743991.09,26196983.71,770519.8428,214495.2262,10571942.39,10112347.65,26483841.31,14867997.77,1022540.527,2989750.813,11041244.67,26114753.76,229925709.6,7103038.446,119337.0299,72025817.87,7822580411,38114134.62,1742022.384,8527839.504,2270894.908,9356597.409,2904335.997,2822704.442,49586106.01,838935.4973,9267269.024,401896.8541,48449319.81,330708.6715,2961638.498,764375.8762,1256277.657,16982482.18,2068056.755,1749922.114,15583736.94,58028956.46,339297.3729,364021.9658,921901.1783,116313730.7,317830.9784,32179591.68,165832923.6,3142506.843,2925994.738,2074310.422,8768494.657,2019670.125,3143690.824,3364117.498,1001508.24,4465932.402,1810358.765,737654.5013,1091923.912,1758188.466,1543097.116,940546.6985,2295134.635,833553733.8,592786.2355,684917.8739,15204663.85,348270467.7,16789835.12,184546902.6,4301211.102,30997272.78,12492702.26,589983827.3,349728.0415,4486785.036,1500815.044,678592.1576,668014402.6,5357000.694,60738858.58,440142201.4,6571881.558,20687447.98,135810481.4,9353143.468,6473083.817,3429258.272
H52,Health,6673550.393,16397655.95,15552971.01,20985372.1,8113071.34,2657784.037,43116253.99,14795601.65,2211044.062,5537029.163,29012241.87,11714657.82,383269849.1,3820166.441,6611372.175,13223555.6,2699763.023,128514340.4,1645139.025,2295697.184,1033987.789,4676671.072,9388510.06,25396794.47,3747508.942,625291386.6,1787638778,128595341,2385923.074,443380.818,8320810.081,2790957.331,278586.1219,1001236.454,25159483.1,2625017.01,22266217.2,790818.6132,304187.1559,98570117.92,14061596.47,28297624.23,12116132.51,2148617.278,1919039.049,8438861.366,17010149.14,2625123028,3475899.689,185291.6021,24952133.66,7258327823,18654996.7,3808731.746,15138554.86,1578447.852,408145074.2,1682243.59,4233750.158,57798231.96,1387601.212,59565673.72,311671.1874,53407438.65,401542.5655,1674652.731,1231115.879,1199049.068,1693688.268,1244531.305,3383103.281,1424406.245,20954843.51,256905.4679,750123.5724,636180.503,157052454.8,1787038.243,142251833,84370716.85,1656515.405,645493.1187,1472297.217,1694148.238,30942766.19,5011909.878,6155216.606,1235150.477,552749115.1,693568.1921,7170757.372,1057902.436,1121039.168,5584339.571,616920.3576,824123.5417,313656643.4,9925697.441,835989.0326,36351662.73,380635021.7,20921315.16,4420650408,1599746.514,3459601.305,20706730.71,99516769.46,705168.0057,18847500.15,6228244.962,1091206.774,2416632.409,10802362.93,14793906.03,4307977035,6713790.928,35143508.15,16888666,7868829.502,5468921.666,4078718.652
D3,Disease,20775267.4,5538175.105,1376635.305,1254100.062,48654020.73,21665292.3,41337504.3,3028856.971,2176811.233,1798888.888,11637927.96,16164301.64,95446452.63,4126763.583,20872596.04,11244557.14,1012403.681,186104314.5,70858.55994,1710870.579,117452.3674,4335584.952,3914110.619,24603896.12,9259815.028,742117286,1844389733,189853405.1,3642588.813,292845.5576,7947398.733,2884830.178,60989.73496,1571634.793,813120.6733,1464267.902,71465255.13,2017266.608,467112.3468,4487398.955,37038765.41,83368438.45,33661735.88,2495952.535,327948.6094,7647025.751,103002285.3,439241965.1,3704084.993,152253.7427,107012058.1,7071787757,9337751.458,14916269.76,9234461.672,1424487.713,1916134.325,1177544.973,4803155.182,51186781.9,590427.4917,15078789.29,283207.1801,51891502.38,331446.4597,835305.4781,1981364.279,1031539.327,2130707.265,911880.399,2157993.975,958350.6201,19862063.77,277123.0193,598817.6801,862462.7784,90021098.34,4781647.217,8510649.051,48218672.78,21722216.33,907945.3434,3457656.651,1612512.442,31974206.79,667260.193,4614626.128,1886546.926,106986263.4,430391.5647,1279587.45,1514741.421,1658355.916,927714.3751,1882806.069,1288436.419,83288555.08,1582600.688,677341.1652,16322796.6,132720690.7,40445957.67,875429272.3,5045241.65,10438350.69,13459451.75,58747533.91,601439.3122,9409399.63,3095128.168,1446621.499,1257571.48,28610455.96,7903944.314,34571296.81,1118072.976,70053195.25,7259886.931,97444830.96,29957200.88,2094568.404
D9,Disease,5034422.694,8352978.112,4088268.71,1523572.058,57214782.37,18915984.23,30578377.13,4047601.518,1907848.558,2799625.799,7096024.295,8552553.54,65475960.92,3028946.952,4552279.67,6889311.813,5111508.529,86051296.64,95888.58002,2710794.642,384825.7407,4488028.874,6375358.309,14452067.9,5252058.336,361200829.8,2716625733,130753398.9,1567004.057,323952.6405,7541264.673,2745908.157,82533.69933,1275182.909,289199.003,2360772.219,48490757.68,1301812.804,669555.178,15657882.86,23492729.69,51692426.27,18823202.37,2396959.347,2683319.059,18146289.03,189470379.6,85455834.53,5293303.803,156487.7936,13574169.38,7412868843,9086362.908,11977851.61,14948207.91,5323439.524,7306719.508,1362821.327,5284752.054,63227740.94,1621616.428,22519628.63,776882.6974,62415831.59,451872.4528,1202451.241,774149.2062,1035464.979,2527074.378,1470852.27,4268635.166,662139.0257,29022026.3,250644.1589,410479.572,1795097.523,165765182.9,1459559.544,94005696.52,27892510.85,1601492.147,1397200.96,13934525.28,945553.9368,6146211.833,5947321.127,5293819.813,1361559.281,244299625.6,295962.5282,1068951.608,1131920.089,1603486.066,1859903.986,3371106.336,2899619.068,160805854.3,2215935.395,1016636.385,18869717.98,150576611.7,21001035.3,2057092879,6742681.442,10873368.78,116449717.2,2147305.678,4246039.139,9233024.404,2789379.138,4664115.765,2601940.488,19213831.34,14955974.77,239575612.1,666583.0753,73413053.08,14043557.41,4050773.458,9790055.439,1932914.875
D11,Disease,85931430.94,2013513.059,5497988.129,1006621.39,127915391,42297683.28,18870088.58,9920651.596,2891194.193,1449994.764,22377381.26,16888000.76,98331233.99,3812951.276,2135680.224,6782882.6,433080.854,1192139270,182523.8777,1180264.057,1477703.972,4588440.58,9112236.365,12356579.8,12735358.73,258006009.7,1590699618,68338662.35,3151724.828,420387.9575,9040334.781,2877550.757,157102.8671,1151469.101,5098045.375,671664.0796,25826209.25,1401253.059,854356.3216,11765017.07,15519768.33,41554397.17,15924996.64,9232042.48,464795.354,10806723.02,74231088.02,141329288.7,3919947.708,420173.6021,998454.2868,7317748961,6522239.31,6367771.048,10793079.56,1595170.857,3413251.185,571730.2571,10629606.79,24941928.84,578495.7265,15369506.62,577548.2954,26312211,525849.3188,3271165.006,865635.1577,1672383.746,2458496.153,1430049.971,1065618.268,429432.1382,2765441.474,432160.3102,429489.4636,1137978.69,168531865.5,1660899.342,45708775,10501054.04,1633311.54,643336.8246,4604302.376,1878463.111,9138621.839,19093583.03,16296873.48,2312692.719,5412132.135,398065.0165,25462095.34,4310675.338,2709965.928,2837564.324,3135859.023,1115570.153,121019848.9,1103219.699,602469.5862,17268979.22,220945449.7,25539153.77,512778219.4,2282338.983,1176689.455,3161714110,66002937.65,2528748.933,3112570.871,3694499.389,1605480.19,2088449.537,11082415,20554254.82,165250818.8,3737845.608,51981061.03,6304296.96,3570939.538,14579063.21,1462465.103
D12,Disease,8897392.264,45023670.16,2397170.528,6672178.801,66599505.39,4986204.695,102735476,56029187.71,2485405.672,2342096.486,32900538.05,8225704.429,98142539.63,8138629.026,2374365.853,6553822.28,4512152.9,154061622.2,309871.0062,1977925.869,2810944.889,6756113.826,4688371.605,86226214.67,5229972.789,57654583.3,3453200103,119290704.3,7123213.079,415911.3658,10846746.42,2067999.054,308593.6123,1468868.357,3740804.889,3406469.145,189138362.2,971132.2298,2592045.562,13922463.12,38380404.9,123994047.5,9282128.311,1640690.875,3889389.6,14511253.16,148368499.8,88676186.27,10997343.73,405968.3222,23336360.2,1961241033,16457121.38,6633838.654,5762388.716,11334953.17,4822754.554,2576548.247,7910862.277,16630876.52,3164044.76,51003393.29,1849946.149,17488094.73,14833479.99,1365121.715,824876.0925,687210.0272,2463296.214,1996161.901,9743547.924,577428.2917,69187993.61,584843.0929,2811692.797,712447.6568,320383301.3,3508899.559,124867462.4,45889002.71,9990942.139,414264.3764,13980616.12,1856939.841,4450208.081,361777.1172,9325139.421,2187379.175,294990411.2,315353.6247,1533300.137,2583443.107,1368490.725,5401460.922,17862845.17,1625282.797,86404478.29,795846.141,1590115.297,26077155.46,84895136.72,19908279.51,2568978929,31367876.8,23185360.45,232050716,1286715.409,7751294.399,67153393.13,3196725.616,1397720.391,3791466.452,29300656.7,7845033.067,142175355.8,975799.8209,73104869.72,12158602.48,54081225.7,13939592.72,9957169.333
D16,Disease,61057553.97,2876575.039,2762600.587,2790554.002,25580483.56,149151864,59293609.68,9069649.379,2132625.612,1585894.382,3739917.848,3700506.485,568042577.4,10015206.28,12290574.91,23697609.49,3987661.088,660021763,130871.9471,1962612.185,216928.2021,2384649.948,4001789.498,55898138.27,6425886.319,566853578.4,753510724.6,253543220.8,3148154.145,5274071.572,15062706.03,855211.6405,112644.7584,1916921.815,1003823.233,2684470.224,110725353.1,1157277.538,497034.6096,6704256.963,29968312.49,94548609.33,4697612.775,4931032.292,852847.4558,34222249.27,153516551.1,1065715358,3655268.382,856729.6005,2179352.22,8529210504,6482286.897,11719093.77,4803574.957,1314490.548,3608503.721,1221386.555,7997371.603,134638551.2,581778.7869,17659941.2,541644.2641,131574658.5,14436122.37,1815989.549,2833640.33,1559462.494,1792202.059,1288671.31,6125233.848,1308935.973,23466853.27,512932.301,479024.1708,1239419.197,88052025.38,3880926.619,42896168.11,55678054.7,2815628.448,1912119.912,4920592.163,1578022.342,11340680.24,17618777.65,11483397.97,3313026.253,3120152765,400068.3496,1833775.919,4957843.179,2082669.032,6446328.548,993333.8235,1008718.034,170676086.6,1319984.01,1035777.147,29520012.35,144997356.8,33749212,17531536592,3044156.003,1238645.266,100546970.6,1636460.375,1426202.974,362789720.6,3954779.642,2488507.847,3085657.926,9580980.312,20955575.38,688124523.6,1478456.01,106132990.5,7018804.982,1397579.943,16095932.7,2257461.072
D22,Disease,17528147.16,4839594.107,677192.883,1045572.934,20195878.53,8865340.719,16458474.77,4634086.495,1078046.718,1339088.481,19852757.2,2326173.831,80755703.02,7983435.906,4418338.578,12559867.44,612222.3021,151311763.2,69863.70488,1917095.625,176006.3087,5738447.293,2641540.862,6470586.071,3345577.919,316074248.2,1516430376,212407452.3,1651059.105,372216.7137,6017102.835,1937355.183,60133.43833,989819.9394,529536.1668,1263977.248,30341457.71,579611.0967,584739.8198,7261062.122,71016672.47,41007218.56,12245619.5,5489697.218,1129170.705,10459938.33,285048842.8,300377142.9,5667375.051,369368.4942,10106841.89,6646057301,12442891.73,10775493.01,2175881.399,1276361.726,1585860.276,504285.0174,5065408.167,41184967.93,2265271.939,14939559.94,357080.4097,40835825.43,184239.3325,722178.109,942246.0141,1119132.499,1586093.268,1163163.269,2765227.008,470081.9124,11361601.67,307074.5501,269202.5916,622936.5435,33561521.07,1643466.893,120335544.7,64321689.54,1373087.477,384986.064,63579208.49,3089494.913,9375388.465,2880940.732,3832334.422,1409284.369,364877481.7,228053.9525,1601638.742,1423079.77,919131.0072,880356.0515,1357839.699,1496043.522,87067127.46,577289.1556,1138926.912,12735252.66,70893265.24,11269371.3,2959643559,1438186.212,11773000.88,76078426.13,993879.9522,319182.1005,22639274.65,2760835.022,857813.006,2383420.786,12513600.63,5016258.378,449266432.8,703104.0685,56284126.87,4748034.846,127411986.1,6712175.704,3624474.01
D24,Disease,59091540.14,5598242.942,2251678.412,957160.0359,111109500.4,16633317.71,26599501.79,7115755.465,2291957.064,8846296.222,10247786.5,5459858.602,70753023.13,12742653.47,36341706.15,8787261.118,1419448.008,98242294.93,135738.5482,2200581.409,1972707.865,2806640.564,3197616.372,13726688.78,9813338.095,116732660.3,1168584902,236338489.2,6583868.592,376114.6025,7699591.243,2851165.498,116833.5637,1879393.826,1591578.118,4215971.487,65224629.58,1302434.049,551259.1068,11797870.85,34874967.64,53590684.69,9951907.789,3466764.034,1199547.231,28229789.84,110062258.8,50618433.48,5228314.109,180317.4003,25438932.29,7537139715,11311873.95,31606989.22,2081798.916,2063972.525,31035877.8,305240.011,8212951.136,59269032.35,2397695.605,23643053.14,557143.0609,56215826.85,361366.6365,3397912.665,2064132.957,1098706.864,2740589.997,1307048.643,2075915.815,868799.6931,29134001.66,367525.6434,501352.9081,1087922.795,197345057.5,1031121.23,129382410.8,24612670.24,1383258.385,3143173.376,8421945.632,1711163.17,8247016.457,2259008.287,9002028.724,2356330.563,11729723.68,371907.4507,3477985.58,2338803.594,1745757.039,1256243.738,1304169.179,1356590.277,87283446.1,832216.2594,1072890.611,19383612.95,105574770.3,19963703.61,411201593.5,2450777.816,1086057.663,948063552.7,33707041.65,1630866.253,7608787.142,2449788.997,1747118.327,2388502.119,29431697.64,54848240.36,50082891.59,1272933.93,314716517.7,11610881.11,6642215.782,24963757.58,2854816.455
D28,Disease,26320197.79,22553026.63,3399874.981,32862376.25,45434724.31,16151461.57,35229629.2,143438344.2,1004859.396,4043045.366,35045582.9,10398520.58,21440035.61,2929351.32,4712458.752,7659281.491,1819110.583,444815779.3,3645895.926,1304335.267,581465.8083,2247665.035,3204688.176,29196109.54,8972116.685,144480047.9,881492091,132730898.3,3453241.491,239744.1964,11943303.96,3237885.115,1557016.698,1281686.215,1405748.071,2602757.188,16826857.99,2911114.03,480950.9166,7609075.952,15549364.41,85902356.2,27532661.51,25827977.97,2137790.782,20256983.92,435597401.8,225561591.5,10732594.24,127002.8557,36724019.3,4061542169,11013444.86,10957565.61,4683973.404,3678279.283,2285133.953,395859.7851,27832942.42,48689565.96,1488564.469,40454333.25,1904646.957,46119103.16,363260.1193,1149713.685,1566340.692,1141622.369,2546715.627,1958279.859,5039569.207,338440.2853,40077140.35,852677.8074,245042.4071,881827.9737,494378467.7,923547.2745,99977362.43,9301502.056,2727725.199,1382098.632,7311933.063,1283869.373,2837906.946,1458016.526,13668934.69,1016306.626,11691267.31,250681.5831,1033168.582,4020341.004,1098992.854,5180659.825,720836.7292,2447166.718,53017587.68,648878.9296,2019815.325,51612413.48,35712003.56,10624425.67,312750916.4,3636455.747,3940303.92,326339103,3119816.031,679005.879,46523944.2,2611030.708,2066769.882,2089254.479,9842778.119,10730045.26,50765569.58,584225.8104,115455626.5,11776955.44,853540.4248,13572395.34,3946232.635
D29,Disease,23799659.75,4772252.962,744958.4827,16803289.81,59629215.63,30273921.79,97943637.03,28612999.77,1342406.304,1586343.731,4773882.974,1345878.936,39049496.11,3299199.027,1035241.737,4040489.952,745355.0158,189368283.7,4900104.276,1538206.921,114640.2898,922161.7538,3312116.91,87487976.81,2706393.48,21487562.87,1437141872,117651784.2,1721263.171,1557740.115,3184754.643,13763530.18,881175.3456,920105.7208,252145.3103,917142.3098,208133395.5,676251.2618,290507.1424,9878270.696,19122123.84,80387117.34,24204114.91,2067107.482,474299.9621,6369381.228,58517871.94,179357654.7,3504706.334,113493.1786,8743730.835,844346272,7593309.926,20222152.42,3855892.42,923214.4323,1210646.043,1034289.985,5227440.371,147966806.1,798436.6792,26815433.08,250348.5563,145018363.2,10345850.5,2381303.272,842181.6697,514306.8539,1878956.579,678647.2565,1546742.75,649063.1098,17659329.15,208694.9437,5170923.174,687409.9285,18348652.57,1217973.83,39144883.68,27457063.73,3773272.76,379265.811,5623159.711,940126.7649,7890903.576,229616.4358,4553081.684,1716112.148,220994361,429157.7543,1816408.674,1322335.396,952894.6589,772383.1895,18185168.7,794559.0987,43574784.8,490445.3623,758242.2328,7282845,53327760.7,9226543.75,1746770360,683701.3872,751245.2828,171666699.2,20151933.23,1135783.957,118225765.1,2436521.137,768974.9385,1065890.91,12328051.69,4342936.515,47418003.44,648539.7506,42004976.82,6820725.462,1090510.317,7777234.491,2718742.567
D31,Disease,12615231.76,3997227.726,3338471.26,2560303.71,42856472.2,15713588.59,23530571.23,3165115.213,2071426.9,2550076.986,39590431.85,12939940.58,59396471.49,14181404.45,30466246.48,4867644.978,4518284.561,409081642.5,48808.50773,2425303.596,819190.7633,6489349.852,2794963.409,11726975.38,2238234.276,387092357.8,2090244893,99797091.52,4859628.235,291514.5854,20877696.25,3883228.192,42010.70348,1609259.019,484543.077,10345498.14,10525823.66,1002239.101,331851.8884,96510614.23,19738558.66,131949656.2,27191231.32,6453419.799,3737795.59,36236771.57,299672798.8,485334578.8,8356316.716,216702.4378,14591980.38,8275225154,6875755.863,13045344.15,16233405.33,10762932.46,3404268.893,628624.2266,6295141.671,11583142.19,3813007.634,27124176.67,1135171.546,14770703.68,501459.7986,1370390.585,2504713.206,1180059.197,3020457.57,2149555.126,4573647.277,830742.402,12330433.45,841371.649,1193151.06,2460262.081,705059553.5,774440.5712,159998128.6,42562449.77,3754194.42,3590770.359,9515050.014,1728932.745,11414198.42,2722774.282,13106156.3,4857635.132,25472026.06,334243.8053,1371888.699,1733583.404,8290359.368,10608618.62,482818.6763,1891475.56,197251032.2,793427.8281,1207734.202,23538031.77,242755640.7,19908787.16,495050134.5,17123367.62,1357003.353,26872995.45,1085255.625,607522.611,11036279.67,3546004.455,1107149.93,1877925.606,15703222.94,5481242.331,52431114.39,1315222.048,53037844.5,9693626.946,46657361.38,8822762.906,8333284.482
D33,Disease,29364275.18,2668379.778,1231912.336,894248.6396,69668528.68,66816461.54,45632502.45,3516193.168,4015773.536,4054083.558,17965497.79,4515622.202,46457712.98,6430895.773,133483126.6,4770265.949,1490886.496,110011012.8,76638.34835,2453339.199,746331.5108,1885194.014,4092294.55,26439708.12,5058825.075,188062799.4,2954716965,170359181.7,3532563.12,301406.7574,7737716.086,2591222.889,65964.54341,1587368.378,13714952.13,3390167.517,12278207.09,1412888.161,4693120.037,4433603.765,16039720.47,49851046.69,42880066,8145770.021,1139140.268,14801264.57,37630110.83,205500257.8,4741891.291,150108.0143,13239105.98,9232862477,5408934.471,5703081.075,4327005.911,2128078.556,2161339.774,541333.6345,5692883.986,40606717.54,334837.7816,23438242.93,334785.2439,39392087.14,239431.9041,1594972.901,1293115.969,1203052.527,3055372.93,2385331.868,3109674.729,757194.5298,14035363.28,338937.3995,315938.2386,945708.305,591768639.1,571885.5611,160545829.7,36199481.05,1666539.454,2474161.3,19861901.66,1581542.309,5100570.831,3186946.992,10142485.29,1792829.34,39553554.71,272020.4853,2465659.607,1648935.443,1629295.585,1924428.67,455319.8016,1438699.811,103698538.2,575317.1099,2671187.275,20855300.49,98776382.19,12344832.23,676336867.8,1374010.712,1192039.227,415345527.3,706640.1132,595341.704,13869339.24,3231783.301,969591.0239,1824474.73,12740693.02,11742593.11,239251478.9,1113395.002,301860503.3,10888105.72,1545740.255,7585615.402,3285238.779
D35,Disease,32957591.82,38225514.8,2270595.887,24149311.12,32209486.27,8738608.487,170788980.8,30326008.88,2242558.325,2632640.448,1860332.252,4979862.032,53170994.64,3473120.989,11809393.27,10982675.39,11511891.88,194373430.6,2481706.315,2237692.817,916221.3619,3332410.868,2230412.528,156698393.6,6744860.668,363121826.7,2159966888,152770200.8,6139582.697,445264.7898,13476100.9,3593292.309,649145.6639,1882746.029,1368530.756,7618032.29,43179294.72,1399368.168,816617.7922,8838200.617,26582042.26,88280456.54,7137517.319,5384207.229,763728.5382,31189486.8,26251482.98,262605439.7,5207316.027,264571.5772,29793688.5,12359122503,13342860.58,2528345.834,24857370.23,3500544.412,2684155.655,303952.1496,8059144.041,19549533.67,2689321.158,47179303,330917.589,18007312.25,2138324.624,2728629.664,1629148.694,1362157.777,2745882.916,1517210.585,6849390.368,733222.9849,64053543,406704.8791,566074.7565,1093221.266,60062124.01,790605.2103,252823879.9,26778431.92,2942138.617,1508312.721,3718511.558,1414759.903,3680499.428,710417.4776,12983916.68,2681748.682,7945036.134,2151939.173,2135333.553,2225760.19,1779649.174,12804883.57,4252707.83,2009585.743,152291349,1096911.362,1648900.432,42776398.55,842750213.2,39958987.89,438104339.6,3294960.984,2814180.967,96428631.29,7948424.639,1405700.505,53180260.65,8159012.497,1394708.261,8468123.228,20563482.04,13045935.23,307446040.5,1517940.245,95904852.91,11135546.44,3707405.384,18072139.01,5479757.814
D41,Disease,40587718.54,19058841.77,2099335.309,6539094.886,80179473.04,3936160.157,19856419.31,20992584.83,1592308.074,1927145.55,3916887.108,3110297.812,39266086.65,2529928.204,6824864.103,6699186.469,1051170.146,160862763.3,426950.4122,1832851.737,1070963.717,2732605.849,11356600.03,10858633.04,5335975.916,188162626.9,2077866516,134124578.7,1597981.292,240961.8461,3868501.206,4601222.22,468582.2595,1081024.538,35476607.25,1470022.601,267455054.1,882216.1238,8129726.496,2807543.506,67712471.94,45841775.5,19011104.65,1925329.096,474284.2107,13692366.25,26518034.15,90038431.05,4280059.144,112150.3978,22189497.86,3393610826,6093950.444,9344600.713,4289228.03,19357335.71,2178360.713,403203.4612,5005086.643,27006991.29,345719.2731,12396260.13,270598.1083,24706365.78,31705614.29,685919.6902,947611.502,707254.0799,2282621.817,968051.5783,1342025.493,351628.5308,19640654.68,1207863.875,298098.7698,655709.2085,197914995.9,866884.3884,69960551.24,21466587.72,5280605.535,2272167.074,19271976.73,976559.0531,6461319.778,3763412.509,5250857.411,1420564.652,4793706.605,3671970.381,2957483.601,1498188.606,1654350.698,1142908.848,47008616.19,942473.8727,49376567.03,1941990.491,799048.5637,25453169.29,68573600.03,26788551.46,261849308.3,1181907.93,8824765.175,153307120.7,47550925.16,5903074.649,9875358.652,2010102.194,963099.6942,950128.8708,60558295.29,10235747.64,117966049,1069319.965,44302247.24,15998400.99,2308537.142,38273033.15,2824823.466
D42,Disease,8831030.237,49824412.19,1626168.897,14995383.01,104148451,17424143.63,179483249,7588349.902,1916442.35,1720049.9,9228120.073,1505009.26,197461955.4,2699528.889,2061231.7,15644809.19,768329.3783,451374740.1,1796586.089,17923139.75,491176.8104,7583572.052,5773300.088,167191845.5,5008933.188,101119638.7,3128966922,111395199.9,2397674.446,311094.9961,5389019.041,13549452.83,1340571.027,989438.3979,251021.2947,1164392.63,897259735.1,622105.1138,345199.5049,3235083.713,50850027.28,62392189.42,8961922.341,1680024.421,810356.6352,8422398.23,14986776.73,142193673.9,3729392.97,265485.6135,161400649.2,2274484066,12924546.39,42234258.54,4820432.688,391692.2775,3153888.119,2215690.26,6850733.971,25839724.99,1159544.035,15152138.14,294638.4187,21880945.7,54714067.09,35586221.84,1140515.824,621681.9995,1593185.462,1655748.579,2250722.291,346323.8846,149808277,315965.8612,4108883.32,693356.243,42170314.85,342394.8975,33744075.24,19706365.27,1989855.219,407844.6073,3943283.687,1200441.279,2128362.125,458545.4365,4425799.88,1161350.368,11265408.48,388380.065,2516487.959,1163023.983,1575251.555,1030011.818,13367158.02,1091157.008,66656644.37,748315.2468,720868.7451,26220522.59,118659780.4,20816696.3,340821060.3,1561936.619,1177087.119,1501722043,42849523.25,1412561.095,46388728.1,59070554.35,707542.1055,3016406.103,48726257.13,7800168.982,91550724.6,3473070.672,34221223.43,7795548.534,820733.0227,12851703.29,2254759.746
D43,Disease,1143446.957,10940844.03,2047292.421,10655140.26,3809124.519,2163951.715,49486522.84,2391997.22,614549.8111,14508106.49,9604405.763,20957894.26,99444589.51,2693689.65,1881704.083,8574591.994,1672325.404,40282828.84,272831.5727,29363248.69,117860.818,1609586.945,3270636.05,46858340.99,2653347.16,171644201.8,626783753.7,36405493.78,2353853.907,1716836.756,6030634.019,6357016.342,56153.92062,1280164.672,8054905.438,1579851.047,13809833.71,899044.5581,610116.6832,37605311.12,9154828.964,39526755.37,9378918.96,1749391.214,2515066.722,7862217.272,111068246.1,508786697,11310431.58,921735.2277,9908142.299,2655683752,28851305.33,2520014.42,7032113.162,1910485.611,54578424.39,3091899.501,5627716.83,41542146.31,4839785.845,72759560.55,343230.5046,41912981.53,389055.5717,1112377.054,1127653.769,778128.1872,1523682.065,1589166.603,2206355.287,1341822.535,5732561.019,367729.0759,2880206.027,839249.4122,119134025,1646240.142,56065602.09,46060563.1,1721307.659,673167.6872,1915063.011,2378771.958,8969259.041,382090.2604,4480862.517,705457.4179,3206925046,3380001.563,1641236.293,746760.4385,1843700.041,1028207.684,1512369.751,1757753.813,600497784.5,901937.19,776601.2529,21527138.03,68173014.16,14291809.06,25205195832,1110374.546,920195.9919,185189343,192996803.8,2543600.454,7263130.874,7231965.354,893727.991,3610600.07,5952025.931,41837597.17,2599086772,2219406.324,28162933.38,11041554.38,10184871.35,4859314.693,3038158.806
D44,Disease,9507643.716,3095894.284,3674538.81,2026379.356,20147455.69,30771601.75,55230084.54,3985676.996,1529147.662,2453429.274,113699575.6,10285511.77,73160195.69,2924922.425,27928989.55,7014841.458,660604.7914,161139001.6,40267.01519,2333384.786,433085.8429,3495647.709,2473118.256,29816570.85,4694442.367,190098300.6,2888349444,161098855.8,1899929.338,2449229.183,5639308.22,3157751.958,34658.82719,1233210.184,817364.8222,1561267.968,11327254.87,2099371.462,210813.5174,8473829.409,10667717.84,33697365.87,23381429.16,2430839.483,1823690.64,14921618.59,16158817.11,203277280.5,5351039.313,197103.2983,17068127.73,8460264209,15462351.14,15329581.45,5430037.993,3387159.309,1745077.349,1162248.152,6002117.05,32568420.01,930224.4827,26373550.08,321902.7904,32010535.74,1028992.577,755673.5544,1433807.691,1030503.169,2905982.472,2467501.399,2705702.742,660563.3214,22221399.74,236302.288,242827.5311,727925.6823,55630084.97,920991.3668,132243219.9,44540450.44,1410085.246,1812914.096,5412269.857,1084551.494,7703019.092,3089972.368,6009910.526,1055002.427,743883473,216683.5684,1640992.783,1691896.081,1252082.194,1536546.347,346607.3128,887131.5945,139502582.8,533467.1522,691557.0146,23513786.66,72071993.23,8922766.254,5929944669,2388755.869,676129.4335,55969059.91,1476853.415,440534.9563,43722323.48,2846765.438,616610.7999,1145281.491,6907517.934,8744664.785,60239610.64,1056352.724,128055279.8,7050603.888,796372.5687,8779633.724,3373747.849
D46,Disease,17773146.88,3740116.594,7244043.801,2600947.328,22502507.69,2040072.604,36859580.59,11391958.15,1420464.983,1528098.97,3546910.29,4162997.422,38132806.55,2993415.331,11055537.79,11016720.48,1234797.784,65845945.32,102627.3686,1453330.212,615119.6241,3292373.117,2068186.061,23854045.32,7446316.418,112773010,3289855602,124723840.7,2663208.126,463213.4665,5123122.665,3601570.877,88333.94319,1233078.51,696873.1334,1996634.988,24330639.53,1156443.129,1298262.66,4195022.51,52253939.81,125021926.8,20934883.37,2863230.066,383085.3222,17670974.76,27116214.54,194794693.9,3160070.695,1333389.384,29390057.01,7452349089,22438030.63,3442859.8,2385070.634,2841574.172,14505367.83,173081.2283,9323294.279,98028297.06,963027.417,73237196.66,725712.3039,98742721.91,345695.715,2556402.76,585352.6451,868974.7489,1809968.141,1240119.997,2948846.004,484779.5198,17899901.32,397348.6159,486208.8364,728122.181,196811480.3,3074596.116,195791393.3,52856818.6,5034424.578,2329225.023,8325849.499,1453089.315,7905595.123,617065.6127,8258586.6,2213631.998,8465023.821,349406.5409,1029619.741,3128602.346,2315637.193,1596231.383,2792259.95,761109.5231,79646585.89,859736.6356,7053378.195,23766266.18,44873153.56,11308068.66,395436421.5,3876388.159,1080775.409,344980885.1,2401174.722,634338.5905,108921868.7,4293849.126,988062.7394,4084541.814,21960255.59,12896647.77,290433938.3,13181592.76,61645694.92,8322298.773,2471277.706,9193763.563,6549831.011
D48,Disease,20267625.15,2047788.071,2380745.109,2871698.74,29131760.75,11927821.95,46140462.37,24343248.16,3487820.147,2361309.957,5461871.087,5398628.709,224917891.8,978044498.7,20404315.32,14577505.27,2616952.628,151990908.6,148375.4344,3193951.64,619792.201,6256450.626,3108546.375,35174587.3,3378693.24,244855539.4,789087110.3,136675322.5,6340849.36,519052.4136,18871979,4708144.661,127710.4477,1757875.786,2109708.072,3619867.637,12364744.92,782860.2742,2422071.82,48759521.85,40659275.37,161551135.2,18918596.66,4369002.601,1295916.169,21385211.7,18025227.65,347063795.8,5423583.041,244369.8238,1702849.232,6027896180,8747070.457,9619947.607,3066930.944,5958936.328,4218197.239,380765.6726,6018811.437,24192561.67,2369655.491,18815214.78,675136.0554,24939530.98,1929014.074,1538833.8,2094481.565,899961.309,1794377.62,4563927.312,2595924.673,401938.3337,6724800.295,313414.3376,289071.9413,2013210.721,412232850.9,2583678.66,151039184,86912940.87,2206890.638,4443326.11,6902657.989,2892890.691,7778020.779,1567437.574,16453369.1,2151594.685,572479513.1,344695.7132,1838830.141,3087707.127,13713028.41,11062710.06,2741254.477,2044368.647,110471203.5,2021164.19,913350.9605,36587895.8,175923108.2,9331770.589,4663028959,12497136.64,1754208.049,40576259.5,3916565.741,900224.6337,21105760.94,10335845.79,1901972.341,40160668.83,62253715.31,14567475.26,734720691.5,4233295.246,50143451.58,10223191.64,3765889.071,19252458.42,14906558.24
D51,Disease,37440644.43,17384481.96,1647784.548,1871065.471,53739118.95,10099497.15,22737067.89,16530840.21,2516768.371,2063342.868,4767676.513,1339024.08,135253156.5,8593994.416,18565505.95,24589021.84,6204434.055,156962923.7,171289.7968,7779000.37,842971.6066,3386890.972,1944419.558,12112872.03,3873921.138,585270379.3,2616027644,153718161.4,1509051.34,1427837.089,4974297.386,2179102.131,74462.59918,1377484.718,162442.165,6453616.656,23932514.94,962145.0303,1948200.828,27678570.33,37374434.67,28108705.2,17602861.85,3812236,263733.6048,8411591.648,24687429.26,194082585.9,3078689.651,97723.07067,118402298.9,7936531392,11804735.05,2757468.482,30646348.56,17194414.53,13043047.26,889707.3193,3344174.612,34685100.56,1382409.87,11450120.78,279644.4358,34616890.64,261066.9686,1562109.703,1047465.949,2078872.263,2443941.74,2264724.89,5241937.689,984795.0436,96877783.06,253373.1804,793309.4982,752578.6276,62973502.74,2515714.771,135784417.5,52154047.33,7155519.705,1674887.912,3006610.654,605419.2709,3202110.783,33727287.64,8154233.65,1635053.227,74954826.89,352892.2993,1378867.232,1761644.005,2236482.262,1327768.483,651748.7027,1489654.215,134864413.3,645500.1718,1118001.377,35765093.83,101595791,24589862.64,570624213.2,5068790.91,3358780.754,1414041236,723252.2152,1384567.616,61506941.26,1799590.971,721680.9848,2503628.121,6753699.156,16432172.38,401622692.1,1317966.437,119864910.4,7373628.179,1133686.778,26514537.01,2218883.391
D54,Disease,983592.5914,38361453.37,1297104.13,11446847.29,22804005.45,33509223.55,20997142.05,12355017.65,1471407,3286386.635,40900950.89,8768614.78,112808993.3,6856095.566,5241839.757,22324505.78,1013087.662,55133431.08,543262.8455,10568473.39,519087.0447,1595526.979,5752693.61,13350541.93,4058814.96,374360600.2,2937290311,134653250.1,2620993.816,251490.5032,6043441.1,1475394.835,160014.2599,1110996.947,189130.8138,1097467.805,52619784.58,749346.7046,492432.3957,14134563.85,22902638.41,66888625.11,9671044.173,4920628.306,498743.7533,8755797.189,18863147.59,248308128.3,4725487.302,115870.4072,147868525.1,7879142126,11907781.53,2116554.826,5279095.309,417224.4844,3338512.991,806370.9244,4859703.675,49305592.93,1186727.991,13945544.98,517516.8286,47680214.85,5272974.891,970816.8032,1057969.236,3582135.306,1960167.908,752001.6803,2025345.063,439321.2393,55001227.66,269189.5881,463742.5772,655718.304,200776304.9,854449.8587,53537181.27,101021590.7,1175513.769,457950.8076,2812603.149,1533794.212,15029812.09,392375.6379,3598726.294,788046.4193,7093698.094,1373546.582,2431079.6,1871647.288,1427245.865,1728566.34,2857783.493,870913.5351,74059877.02,513056.1809,1178448.172,13872294.21,40592135.98,34778497.96,313707310.2,1254330.338,820772.4649,38303389.04,2962442.545,633808.2324,11930385.73,2556983.895,789786.6343,3297154.512,17005524.43,16301983.31,314590634.2,1116396.68,19521632.55,6086322.753,3462635.354,16020518.51,1906064.312
D55,Disease,13191893.17,2799975.64,1548730.195,3723782.964,7069060.035,2393905.602,27125317.28,4837689.613,1641477.879,1114674.521,7789749.46,3652662.668,40915859.31,2550095.4,4837911.659,25225268.42,1309159.05,74860830.58,77336.12929,38140974.12,128189.3321,1477049.894,1901662.196,18884928.51,4041935.599,601550002.2,1033206277,86019143.33,2730837.088,517017.8111,4571469.718,5813848.127,64042.17581,1022465.596,477630.0327,1433221.731,21009607.44,734283.1484,410027.5453,22366592.43,9438152.28,57940056.9,9458199.813,1656135.29,945166.0262,14413511.9,17894164.44,1146821478,2673016.422,222668.0669,12995578.39,4259655084,123153576.8,2330032.628,11051854.19,378832.2604,11355412.07,1555140.083,5942841.617,33619192.14,902374.5346,44190394.07,467641.1166,33303482.27,507381.2357,5134622.039,950627.6916,929652.8754,1043031.44,1963826.29,2476463.909,4180052.373,14769945.06,314402.4395,2947228.887,634400.6383,33956345.42,1007306.176,79511760.91,238396584.4,1122235.304,611629.179,2193759.315,3133260.913,8534409.46,545039.329,9837975.987,813269.3988,599541437.2,337914.1827,977054.6655,1356703.149,1004413.31,883906.7635,887310.5745,971577.0707,665481748.2,691270.2357,574980.3838,44949906.85,123323344.9,16581214.93,5054592607,2224428.779,2672954.565,30409052.99,178518442.3,771458.9726,9328419.642,6964489.15,1079897.848,1369727.635,4151539.538,383417816.6,3031654988,5320786.431,21380775.5,8980902.386,10161915.61,10792731.63,1732555.131
D57,Disease,8554772.019,15797649.77,2192524.41,3074118.975,9247168.903,32539993.81,25802508.06,6313396.286,1811389.048,2731546.794,4278809.258,7758098.44,76071126.97,6809340.703,16346354.76,13747804.96,1927822.951,69384882,96087.98318,1276240.3,1106977.357,2958424.603,2724779.297,11749527.88,3618316.91,472294617,3146283073,61434964.76,2612512.775,293530.2365,7251266.342,5551692.189,82705.33062,1630144.225,778839.7089,4088429.558,92582423.6,769972.643,374896.6849,20884889.62,14592588.83,64826185.79,23448263.88,2541545.409,4123166.264,10579048.16,50104885.05,251722205.4,2766784.37,268361.0495,12584172.8,6409215505,18795112.52,3269778.911,27567962.98,1720327.762,75211286.41,1336734.499,5706654.933,11827428.01,3619649.119,13369367.87,359738.9673,12822509.46,9781846.071,19431142.46,548289.4799,1018978.352,1589421.498,1063038.5,2420531.645,588647.1934,69652267.89,841604.0566,349896.9207,2065368.123,115517140.6,593980.4222,98718509.41,70080141.03,1693938.499,1382174.464,7334690.745,3769279.489,13058732.86,1750129.946,10386054.89,1246091.815,39924029.03,3444343.183,1084905.719,1587402.415,1400760.637,4844194.713,759516.0015,1706796.537,282891466.3,1152123.853,769752.4057,21099176.14,203833424,92876634.94,642710501.4,3921724.626,6327706.49,47345291.9,33636078.74,630787.8647,43208170.25,7245238.446,728427.4772,3312608.3,15569814.92,12766606.56,463808657.3,14247053.33,54736152.85,12211695.88,8007886.247,15946937.87,3844279.909
D58,Disease,24820719.9,8587317.814,1819513.006,6448572.888,72045813.81,67536642.9,70270323.22,24887660.54,3121562.031,4803177.257,4483028.158,3503141.138,1214028623,9656714.26,2051464.655,20375347.16,2291578.501,1110317834,1063847.703,5291107.611,2040891.511,2270421.522,6097475.353,40303179.06,6768397.852,103218867.7,3671642513,293572193.6,5100021.913,373303.1331,9155186.933,3076197.452,122303.163,1561121.388,793760.6844,4656881.95,40032449.75,1057983.691,226166.7026,52895798.99,38918267.36,46599247,9822891.884,5375041.229,12855513.94,20416164.53,194348596.6,282592651,5224986.432,170610.3904,3115611.522,3108513037,4864949.69,50586797.73,23498985.19,3707734.145,18719037.82,4509364.835,6846564.614,17340458.23,3911393.444,18092891.08,498676.0405,17568334.34,306585.4201,1169198.693,803788.4,992697.321,2369066.849,3862677.702,3895234.015,772777.1138,13162369.82,586571.285,1564259.226,1004229.056,151598153.3,266119.4905,84952361.64,27679380.59,5632252.931,1536893.754,13207016.58,1812624.711,2638069.316,2104992.946,6519887.986,3066993.608,119144298.6,322468.3769,5030366.416,2179636.552,1646079.477,2775315.255,652246.8165,1847626.54,130305084.9,669921.7221,892503.6869,26723280.07,62293653.49,8479029.059,1313752413,14131612.54,9531405.549,910222114.4,49814765.93,1328422.522,344648396.7,2726148.695,803692.5764,3334974.852,36788208.44,7984856.025,374887223.3,6795980.821,60880329.97,19359019.56,43647849.7,11908012.66,7037749.646
D59,Disease,17698194.64,2446632.982,6117386.021,2383820.984,15604336.73,6602018.332,95618868.59,7491414.846,2343940.809,2019612.502,3597224.251,3569803.747,112270320.5,2737053.244,1862649.467,23499307.96,1574306.827,124796820.5,117106.5481,43001124.37,320701.5559,4078160.146,4716518.103,68025699.82,5287036.566,384511161.6,3689755000,110644565.4,2116617.051,443936.9433,6778271.715,4394253.118,100796.5352,1419686.633,377544.2056,1739552.799,243994743.2,959545.7893,1108836.093,5132837.969,47447391.23,67973992.55,12878726.81,3294101.722,12179953.22,8096919.9,18093072.06,149738832.5,3332618.738,284874.0363,3218978.624,1860837737,3622090.012,10270340.73,2831907.35,930214.7765,4289088.308,2114458.626,4507966.502,17300418.55,2314783.504,12573871.82,318311.0021,17347086.7,17007269.3,966437.8052,936144.7225,848495.5291,2392144.984,1127658.344,2365174.376,960291.897,40721204.1,309501.5779,685128.1725,864209.8206,74587415.56,594925.5923,143272748,26979992.88,1870727.936,1221695.481,38838064.1,1027095.26,7426437.461,8638843.959,6353716.89,2595674.482,638119377.3,816009.6241,1220725.801,3560475.267,1891243.936,1680911.873,4570024.553,3358152.944,114834457.2,898784.9094,3409982.466,54157571.76,96958205.93,28687178.44,1990473882,4001812.417,1026850.554,306126458.5,443747277.3,993715.3094,41068121.98,4190918.922,7958658.229,1792807.542,43580522.91,24516018.98,31264013.29,733874.9316,79589203.64,17527051.29,11834920.9,33778858.15,1888474.459
D60,Disease,5236047.63,17624399.88,9083148.967,512238.5297,7982230.621,5989910.136,30218557.98,6527650.307,1543889.63,1460115.834,4755288.635,3441041.901,178727314.8,7456247.209,4857502.416,6780818.279,918889.0432,11641402.6,60580.55214,6000276.618,100415.9452,6237646.437,4807699.315,17807664.31,3544020.876,548610744.3,3225061500,94797360.14,2345581.716,210333.0993,5290348.025,5354412.108,52143.19656,1252739.806,23864743.85,1147826.815,36859997.73,712663.9129,3440078.941,4371702.221,13922429.44,32126672.05,14784059.51,4842389.085,261294.4421,7836949.723,239526500.8,241199122.2,5053194.542,143743.0257,116115655.2,6041059275,12860002.39,6785066.171,10510908.88,448136.5836,5176648.869,455643.4239,5319758.627,45160791.38,502188.1395,9543218.573,471510.3135,44616054.29,4574446.485,1195307.978,621776.1078,1735156.664,1729445.012,1043387.375,1469779.703,504788.9068,124536902.8,258839.2454,259773.5686,668052.1146,89536333.05,1322167.993,84966277.53,51188822.77,2569480.321,674633.385,3467014.601,1309483.346,56010803.1,2955559.492,4420290.786,1152276.804,6011389.196,386931.4739,1759067.202,1578756.779,1378779.975,1055919.568,628352.0882,913815.3995,139642555.3,642347.7475,619188.1116,19538480.01,159573693.9,20079120.22,308995603.9,2409590.847,719642.2848,5658703.941,30831870.31,608735.6906,33101765.42,4721706.566,544352.0721,970955.2337,9771381.213,12188982.62,808483354.9,809341.2101,157632378,6175160.563,18423375.82,18981612.86,1742458.061
D61,Disease,7806679.229,50954200.97,1553325.037,5972811.248,45466544.76,4347586.078,181086758.9,11580814.72,1796378.549,5273360.682,9235415.81,2905657.486,70333487.52,8053212.864,1997148.241,5941531.801,4278736.508,64605262.76,282363.2308,1851599.147,542370.71,5478093.924,10741209.81,151849986.6,6233869.294,73373096.65,3303402635,157609523.4,5467807.382,462702.8794,12641100.91,3375368.221,234275.4852,1480970.87,5133730.125,4050044.111,63671678.58,2454470.314,655147.1802,47780443.26,74274640.46,102744056.2,24379484.63,1209392.092,437836.7948,36173557.29,25584402.29,143034577.3,6566015.391,211286.1614,56259092.99,1995493514,13854600.3,3036421.394,5191273.793,1245462.856,7510564.566,524780.5019,7325261.62,28366601.02,2332289.791,9709969.907,2208727.865,29550405.29,8021435.756,1384358.64,743763.2999,920496.8295,2305969.723,5327603.688,11037910.17,617993.3469,145538348.7,328285.512,1195187.755,1299944.663,527829408,2644760.751,79549753.11,52928130.68,1360589.267,7263863.095,6594734.3,1012728.654,10928937.63,451116.6726,11810556.44,1990813.623,312011224.7,374538.3409,993531.4957,3255235.407,1200364.152,2397953.811,3935115.222,955205.9067,131545901.1,2867938.555,1129766.921,26137770.7,82306878.31,9223224.818,2667263728,12838757.18,2290807.405,106439637.4,1692282.267,2286498.944,48818222.26,2844581.438,718760.1129,3618332.711,64850158.22,14568535.22,206188861.3,7911392.692,105743945.6,13608131.09,5882782.629,44361697.22,6039349.196
D63,Disease,12985167.96,14606120.6,48867306.79,17276833.65,28276813.25,21430021.28,30649140.52,12420701.13,4956409.995,3662585.373,11254137.85,4122227.764,311333008.9,14312972.18,14396342.39,38619686.08,4937228.123,89485086.6,1740589.82,3265455.177,1443204.99,22074661.23,5102415.321,14870938.03,3944613.245,498968105.8,6379979203,126520154.9,4207510.128,374511.603,6938784.235,4935662.762,413370.5176,2238002.733,670929.6954,6379755.149,55434088.23,1485085.913,486013.2608,8724287.775,52115687.5,158714884.6,106587477,1482330.419,2441801.755,16785593.44,30414291.12,246074924.5,8534170.488,181609.3848,69163728.76,15517686783,19090204.43,3885896.555,9478920.975,10798135.85,14253379.76,1738102.681,6957243.51,13430652.21,3585800.887,27656351.29,575929.0523,13867667.68,1048325.354,1182930.199,1329276.15,1811817.091,4066776.97,2077933.168,3859431.248,1376726.006,19009160.46,533209.335,945776.992,1238977.584,921197535.2,484195.5526,303315786.5,66756025.49,7002140.304,1599102.643,10232061.97,3424653.395,12136036.77,1189240.783,6411517.199,2249761.029,99304316.1,2602354.112,1173168.448,3905336.178,2771158.244,5673234.671,1016368.167,2688789.267,174918595.6,3601241.633,1184589.024,123789634.3,180144471.3,44608660.68,869340114.7,4468736.15,1075080.958,273104228.3,7562098.378,749959.6752,10366140.04,3502395.73,1451555.058,17088659.98,54200193.79,7383404.386,957936820,1787249.53,70958863.43,12655164.51,5906517.626,20888672.7,4238021.293
D64,Disease,6495930.691,25553672.64,2431027.755,5897811.105,15249245.09,5465722.745,33973736.34,2595401.344,2085803.024,3103767.015,5829765.17,2224094.52,97278498.11,6488378.454,1332760.902,6214429.889,4974394.808,330211584.9,768646.3634,12260711.75,335469.4739,4314783.614,1688425.492,20853444.36,2186156.568,186386362.8,2020013981,58588042.03,3947994.914,283895.1412,5644230.379,5078945.813,183911.1146,1436135.611,320527.0911,3912541.849,50299023.94,865618.7088,238548.5709,38787090.08,22630050.23,46695516.46,15779927.02,1142276.703,1978019.796,13674838.31,14450409.87,588378234.3,4021758.143,153857.5287,21909946.64,1211790843,13487969.8,3390890.301,8785375.875,11587935.78,10664279.33,2908217.907,5887833.901,30677253,5444207.876,10913965.35,413857.9816,31086856.7,7040946.294,929667.7279,612904.5279,2879680.012,3199980.882,5174126.617,4501901.308,445086.2975,67783011.17,367440.656,461178.7583,497805.7735,176393034.1,781076.3365,87263533.65,75001078.44,1861972.446,2665120.783,1970363.008,1906453.067,5080613.148,288495.1606,6252062.947,496866.2886,138417410.2,620750.1422,1085007.767,2061302.151,1266201.47,10801782.37,2622690.558,1418702.989,136445062.2,651334.3859,717529.2817,23945771.4,537479566.2,18959578.18,1340865860,5296445.41,1595015.102,705725043.4,1605237.7,6421364.714,6055823.97,2060299.221,580967.9442,2527575.999,16251228.22,26179713.79,696674739.8,11023339.05,36968353.26,9177391.273,909908.06,11712824.03,5515208.118
D65,Disease,12167925.51,1534716.254,23469912.06,3185093.347,33804622.84,54059852.98,37724465.71,3322088.488,3373656.419,1212300.591,3870981.383,2888481.905,90285890.8,6717173.561,1915665.495,6911762.009,3223001.018,445578356,50264.09666,1191721.539,498031.022,3720172.011,2111267.417,13220474.84,3557705.728,162413517.5,1537936747,140579392.2,3247534.611,2768702.868,7472773.681,7768608.79,43263.56528,1042720.28,623984.7693,3532106.957,29767144.82,971785.4161,255649.8164,18656218,26205155.28,44570938.85,19247124.18,2896858.045,5281012.825,22241235.17,44905414.62,335888448.2,2696717.586,169347.2906,1598212.908,5399748236,4560437.205,10770849.8,4841742.575,6203726.498,4856082.854,2258250.575,3783885.63,12209640.63,10773581.02,42293342.5,380523.8264,12776045,294399.8587,1258080.779,961461.4948,1064522.36,1438173.274,1835078.819,2773172.312,443948.3242,17367709.25,317575.4191,242218.2206,656213.8834,748357773.9,1356998.901,16516980.27,27350875.32,1535175.21,1524450.294,6197287.662,1448181.515,18747095.45,682321.2361,6277292.854,823842.2204,312864917.9,1009706.73,1057809.335,1711342.399,936385.9996,7861233.79,513986.061,1362821.552,127422235.1,717124.989,818511.6462,11796831.15,83526971.93,16779885.97,2625256418,7253043.673,2537664.31,6332741.382,80086991.49,720381.9922,280948495.6,15871526.23,966360.7748,2181384.123,22370561.02,7738462.419,273468719.1,7573580.938,65555893.64,15025690.43,13288886.65,8764309.336,4985472.285
D66,Disease,56218459.31,2806271.027,79629621.61,21736991.92,25306812.82,10416549.78,23472397.67,78335089.16,3334036.639,2219507.555,3189173.123,7631506.091,91343041.13,18897637.91,4130962.386,10594211.35,2933786.187,49011708.37,1067689.72,1247210.922,2024485.856,7102568.931,3965335.338,12633999.33,13019895.75,316738525.3,1056833757,165917051.1,4453931.847,482329.3733,12477357.74,2485969.935,123419.1445,1936896.265,2350911.635,6884560.959,57038306.41,844365.2352,622874.0683,11366317.05,18263285.21,150562070.1,4760060.212,3475622.647,1439937.864,15100650.92,35697468.41,250499343.2,4078232.731,237838.4919,8006667.539,8537396912,29780476.96,5839194.35,104175911.5,33758575.16,5876947.809,715070.7541,7237755.994,60813669.58,1299586.25,22357212.24,752534.0694,57760711.79,612290.2924,2103805.246,768023.669,971512.3581,4063552.177,2254866.504,7823981.465,915090.6029,12731624.43,426650.6712,465552.8865,1587876.061,800336411.3,1485297.604,263350358.5,40885394.33,2241415.281,3372118.207,8738109.671,1643896.343,6049063.688,594525.0911,17190265.21,1565571.925,17549398.93,438443.3884,1946357.766,3937338.885,1485187.415,3653322.251,1889594.205,2345490.278,64602966.91,1612693.764,1419359.481,37870755.03,70776638.96,55655525.87,637091895.6,21841203.52,2745283.91,256211882.4,42418322.46,2446701.759,14793113.95,4339881.879,2593337.205,3964075.36,18155782.04,105121491,101805818.4,1748751.795,83055029.06,17155360.88,11331010.3,16157766.01,4435101.916
